Year,Economy,Economy Label,TEU (Twenty foot Equivalent Unit),TEU (Twenty foot Equivalent Unit) Footnote,TEU (Twenty foot Equivalent Unit) Missing value
2010,0001,"Individual economies",,,"Not applicable"
2010,008,"Albania",70000,,
2010,012,"Algeria",1198252,,
2010,016,"American Samoa",59167,,
2010,024,"Angola",533150,,
2010,028,"Antigua and Barbuda",24615,,
2010,032,"Argentina",2005965,,
2010,533,"Aruba",49558,,
2010,036,"Australia",6438465,,
2010,044,"Bahamas",1155000,,
2010,048,"Bahrain",367589,"Revised more than 20% in relation to the version published on 18 March 2022.",
2010,050,"Bangladesh",1364139,,
2010,052,"Barbados",80424,,
2010,056,"Belgium",9988291,,
2010,084,"Belize",31917,,
2010,076,"Brazil",7223103,,
2010,096,"Brunei Darussalam",93243,,
2010,100,"Bulgaria",142611,,
2010,132,"Cabo Verde",54873,,
2010,116,"Cambodia",224206,"Revised more than 20% in relation to the version published on 18 March 2022.",
2010,120,"Cameroon",290000,,
2010,124,"Canada",4670790,,
2010,136,"Cayman Islands",45649,,
2010,152,"Chile",3144442,,
2010,156,"China",140552400,,
2010,344,"China, Hong Kong SAR",23699000,,
2010,158,"China, Taiwan Province of",12736948,,
2010,170,"Colombia",2446523,,
2010,178,"Congo",355000,,
2010,180,"Congo, Dem. Rep. of the",59133,,
2010,188,"Costa Rica",1013483,,
2010,384,"Côte d'Ivoire",717700,"Revised more than 20% in relation to the version published on 18 March 2022.",
2010,191,"Croatia",160600,"Revised more than 20% in relation to the version published on 18 March 2022.",
2010,192,"Cuba",228346,,
2010,531,"Curaçao",,,"Not applicable"
2010,196,"Cyprus",349163,,
2010,208,"Denmark",698683,,
2010,262,"Djibouti",406407,"Revised more than 20% in relation to the version published on 18 March 2022.",
2010,214,"Dominican Republic",1382905,,
2010,218,"Ecuador",1209347,,
2010,818,"Egypt",6074712,,
2010,222,"El Salvador",145774,,
2010,233,"Estonia",,,"Not publishable"
2010,246,"Finland",1219391,,
2010,251,"France",4473795,,
2010,250,"France, metropolitan",3915704,,
2010,254,"French Guiana",39372,,
2010,312,"Guadeloupe",150540,,
2010,474,"Martinique",152000,,
2010,638,"Réunion",216179,,
2010,266,"Gabon",153657,,
2010,268,"Georgia",242433,,
2010,276,"Germany",13056019,,
2010,288,"Ghana",643188,,
2010,300,"Greece",1181792,,
2010,308,"Grenada",15011,,
2010,316,"Guam",183214,,
2010,320,"Guatemala",970635,,
2010,324,"Guinea",115567,,
2010,340,"Honduras",619867,,
2010,352,"Iceland",192778,,
2010,356,"India",9235765,,
2010,360,"Indonesia",7840272,,
2010,364,"Iran (Islamic Republic of)",2966512,,
2010,372,"Ireland",782115,,
2010,376,"Israel",2281552,,
2010,380,"Italy",9762077,"Revised more than 20% in relation to the version published on 18 March 2022.",
2010,388,"Jamaica",1891770,,
2010,392,"Japan",19939728,,
2010,400,"Jordan",605659,,
2010,404,"Kenya",695600,,
2010,410,"Korea, Republic of",19376965,,
2010,428,"Latvia",256252,,
2010,422,"Lebanon",949155,,
2010,440,"Lithuania",294954,,
2010,458,"Malaysia",18133368,,
2010,470,"Malta",2376397,,
2010,480,"Mauritius",332662,,
2010,484,"Mexico",3704765,,
2010,504,"Morocco",2946000,,
2010,508,"Mozambique",,,"Not publishable"
2010,104,"Myanmar",335346,,
2010,516,"Namibia",247743,,
2010,528,"Netherlands (Kingdom of the)",11334566,,
2010,530,"Netherlands Antilles",164465,,
2010,540,"New Caledonia",90574,,
2010,554,"New Zealand",2317619,,
2010,558,"Nicaragua",68224,,
2010,566,"Nigeria",1162000,,
2010,579,"Norway",636086,,
2010,512,"Oman",3893198,,
2010,586,"Pakistan",2224000,,
2010,591,"Panama",5590692,,
2010,598,"Papua New Guinea",142146,,
2010,604,"Peru",1529846,,
2010,608,"Philippines",5045305,,
2010,616,"Poland",1050345,,
2010,620,"Portugal",1633754,,
2010,634,"Qatar",346000,,
2010,642,"Romania",556694,,
2010,643,"Russian Federation",3318499,,
2010,662,"Saint Lucia",52479,,
2010,670,"Saint Vincent and the Grenadines",16967,,
2010,882,"Samoa",22465,,
2010,682,"Saudi Arabia",5313023,,
2010,686,"Senegal",349231,,
2010,694,"Sierra Leone",50000,,
2010,702,"Singapore",28431100,,
2010,534,"Sint Maarten (Dutch part)",,,"Not applicable"
2010,705,"Slovenia",476731,,
2010,710,"South Africa",3985535,,
2010,724,"Spain",12500043,,
2010,144,"Sri Lanka",4120000,,
2010,729,"Sudan",,,"Not applicable"
2010,736,"Sudan (...2011)",439100,,
2010,740,"Suriname",59583,,
2010,752,"Sweden",1389188,,
2010,760,"Syrian Arab Republic",586283,,
2010,834,"Tanzania, United Republic of",359010,,
2010,764,"Thailand",7179449,,
2010,768,"Togo",339900,,
2010,780,"Trinidad and Tobago",572985,,
2010,788,"Tunisia",466210,"Revised more than 20% in relation to the version published on 18 March 2022.",
2010,792,"Türkiye",5743429,,
2010,804,"Ukraine",690260,,
2010,784,"United Arab Emirates",15140524,,
2010,926,"United Kingdom",8224925,,
2010,826,"United Kingdom excl. Channel Islands and Isle of Man",8224925,,
2010,842,"United States of America",41779671,,
2010,630,"Puerto Rico",1525532,,
2010,840,"United States of America excluding Puerto Rico and United States Virgin Islands",40254139,,
2010,858,"Uruguay",608712,,
2010,862,"Venezuela (Bolivarian Rep. of)",1071686,,
2010,704,"Viet Nam",6431032,,
2010,887,"Yemen",390000,"Revised more than 20% in relation to the version published on 18 March 2022.",
2010,0000,"World",547854717,,
2010,5100,"Africa",22210417,,
2010,5110,"Northern Africa",11124274,,
2010,5120,"Sub-Saharan Africa",11086143,,
2010,5121,"Eastern Africa",2029466,,
2010,5122,"Middle Africa",1390940,,
2010,5123,"Southern Africa",4233278,,
2010,5124,"Western Africa",3432459,,
2010,5200,"Americas",83635049,,
2010,5210,"Northern America",46450461,,
2010,5220,"Latin America and the Caribbean",37184588,,
2010,5221,"Caribbean",5680174,,
2010,5222,"Central America",12145357,,
2010,5223,"South America",19359057,,
2010,5300,"Asia",345787623,,
2010,5330,"Eastern Asia",216305041,,
2010,5350,"South-eastern Asia",73713321,,
2010,5320,"Southern Asia",19910416,,
2010,5340,"Western Asia",35858845,,
2010,5400,"Europe",86967978,,
2010,5410,"Eastern Europe",5758409,,
2010,5420,"Northern Europe",13846341,,
2010,5430,"Southern Europe",28510557,,
2010,5440,"Western Europe",38852671,,
2010,5500,"Oceania",9253650,,
2010,5600,"Asia and Oceania",355041273,,
2010,5702,"Northern America and Europe",133418439,,
2010,5706,"Europe, Northern America, Australia and New Zealand",142174523,,
2010,5703,"Central and Southern Asia",19910416,,
2010,5704,"Eastern and South-Eastern Asia",290018362,,
2010,5705,"Western Asia and Northern Africa",46983119,,
2010,1400,"Developing economies",364081949,,
2010,1410,"Developing economies: Africa",22210417,,
2010,1420,"Developing economies: Americas",37184588,,
2010,1460,"Developing economies: Asia and Oceania",304686944,,
2010,1430,"Developing economies: Asia",304189378,,
2010,1450,"Developing economies: Oceania",497566,,
2010,1500,"Developed economies",183772768,,
2010,1520,"Developed economies: Americas",46450461,,
2010,1560,"Developed economies: Asia and Oceania",50354329,,
2010,1530,"Developed economies: Asia",41598245,,
2010,1550,"Developed economies: Oceania",8756084,,
2010,1540,"Developed economies: Europe",86967978,,
2010,1600,"Developing economies excluding China",223529549,,
2010,1601,"Developing economies excluding LDCs",358880973,,
2010,1610,"LDCs (Least developed countries)",5200976,,
2010,1612,"LDCs: Asia",2313691,,
2010,1614,"LDCs: Africa",2887285,,
2010,1640,"SIDS (Small island developing States) (UN-OHRLLS)",35515314,,
2010,1641,"SIDS: Atlantic and Indian Ocean",755124,,
2010,1642,"SIDS: Caribbean",5831524,,
2010,1643,"SIDS: Pacific",28928666,,
2010,2623,"Low-income developing economies",5134126,,
2010,2622,"Middle-income developing economies",60198896,,
2010,2621,"High-income developing economies",298506546,,
2010,2711,"BRICS",164315302,,
2010,3412,"European Union (2020 …)",73835430,,
2010,3916,"G20 (Group of Twenty)",363188730,,
2010,3919,"G-77 (Group of 77)",317362747,,
2010,3905,"OECD (Organisation for Economic Cooperation and Development)",192161186,,
2011,0001,"Individual economies",,,"Not applicable"
2011,008,"Albania",76700,,
2011,012,"Algeria",1309432,,
2011,016,"American Samoa",66334,,
2011,024,"Angola",676493,,
2011,028,"Antigua and Barbuda",21824,,
2011,032,"Argentina",2181846,,
2011,533,"Aruba",,,"Not publishable"
2011,036,"Australia",6847061,,
2011,044,"Bahamas",1146272,,
2011,048,"Bahrain",374823,,
2011,050,"Bangladesh",1419227,,
2011,052,"Barbados",77051,,
2011,056,"Belgium",9901751,,
2011,084,"Belize",34776,,
2011,076,"Brazil",8037427,,
2011,096,"Brunei Darussalam",101401,,
2011,100,"Bulgaria",147594,"Revised more than 20% in relation to the version published on 18 March 2022.",
2011,132,"Cabo Verde",55976,,
2011,116,"Cambodia",237941,"Revised more than 20% in relation to the version published on 18 March 2022.",
2011,120,"Cameroon",333834,,
2011,124,"Canada",4735750,,
2011,136,"Cayman Islands",44766,,
2011,152,"Chile",3432192,,
2011,156,"China",156454877,,
2011,344,"China, Hong Kong SAR",24404000,,
2011,158,"China, Taiwan Province of",13422647,,
2011,170,"Colombia",2861151,,
2011,178,"Congo",442202,,
2011,180,"Congo, Dem. Rep. of the",66199,,
2011,188,"Costa Rica",1069348,,
2011,384,"Côte d'Ivoire",766071,"Revised more than 20% in relation to the version published on 18 March 2022.",
2011,191,"Croatia",176741,"Revised more than 20% in relation to the version published on 18 March 2022.",
2011,192,"Cuba",246773,,
2011,531,"Curaçao",94097,,
2011,196,"Cyprus",345817,,
2011,208,"Denmark",782195,,
2011,262,"Djibouti",703617,,
2011,214,"Dominican Republic",1476007,,
2011,218,"Ecuador",1527372,,
2011,818,"Egypt",6614162,,
2011,222,"El Salvador",161226,,
2011,233,"Estonia",197717,,
2011,246,"Finland",1398619,,
2011,251,"France",4423850,,
2011,250,"France, metropolitan",3865087,,
2011,254,"French Guiana",31117,,
2011,312,"Guadeloupe",160093,,
2011,474,"Martinique",147258,,
2011,638,"Réunion",220295,,
2011,266,"Gabon",162415,,
2011,268,"Georgia",284446,"Revised more than 20% in relation to the version published on 18 March 2022.",
2011,276,"Germany",15199337,,
2011,288,"Ghana",813494,,
2011,300,"Greece",2012413,,
2011,308,"Grenada",14365,,
2011,316,"Guam",180814,,
2011,320,"Guatemala",1163078,,
2011,324,"Guinea",140052,,
2011,340,"Honduras",662815,,
2011,352,"Iceland",193500,,
2011,356,"India",9877067,,
2011,360,"Indonesia",9269381,,
2011,364,"Iran (Islamic Republic of)",3359250,,
2011,372,"Ireland",736557,,
2011,376,"Israel",2413000,,
2011,380,"Italy",9533620,,
2011,388,"Jamaica",1848231,,
2011,392,"Japan",20554249,,
2011,400,"Jordan",705000,,
2011,404,"Kenya",771000,,
2011,410,"Korea, Republic of",21610491,,
2011,428,"Latvia",305239,,
2011,422,"Lebanon",1034249,,
2011,440,"Lithuania",382185,,
2011,458,"Malaysia",20009479,,
2011,470,"Malta",2365260,,
2011,480,"Mauritius",350624,,
2011,484,"Mexico",4226288,,
2011,504,"Morocco",3032679,,
2011,508,"Mozambique",220000,"Estimated. Revised more than 20% in relation to the version published on 18 March 2022.",
2011,104,"Myanmar",380675,,
2011,516,"Namibia",220178,,
2011,528,"Netherlands (Kingdom of the)",12024928,,
2011,530,"Netherlands Antilles",,,"Not applicable"
2011,540,"New Caledonia",95277,,
2011,554,"New Zealand",2466067,,
2011,558,"Nicaragua",84420,,
2011,566,"Nigeria",1456000,,
2011,579,"Norway",670407,,
2011,512,"Oman",3609008,,
2011,586,"Pakistan",2300000,,
2011,591,"Panama",6632436,,
2011,598,"Papua New Guinea",161717,,
2011,604,"Peru",1826795,,
2011,608,"Philippines",5588169,,
2011,616,"Poland",1357182,,
2011,620,"Portugal",1794188,,
2011,634,"Qatar",365722,,
2011,642,"Romania",648548,,
2011,643,"Russian Federation",4226143,,
2011,662,"Saint Lucia",60342,,
2011,670,"Saint Vincent and the Grenadines",16418,,
2011,882,"Samoa",21420,,
2011,682,"Saudi Arabia",5694484,,
2011,686,"Senegal",415592,,
2011,694,"Sierra Leone",75000,,
2011,702,"Singapore",29937700,,
2011,534,"Sint Maarten (Dutch part)",76701,,
2011,705,"Slovenia",589314,,
2011,710,"South Africa",4392791,,
2011,724,"Spain",13901612,,
2011,144,"Sri Lanka",4262887,,
2011,729,"Sudan",,,"Not applicable"
2011,736,"Sudan (...2011)",441459,,
2011,740,"Suriname",97335,,
2011,752,"Sweden",1485989,,
2011,760,"Syrian Arab Republic",524614,,
2011,834,"Tanzania, United Republic of",439462,,
2011,764,"Thailand",7527975,,
2011,768,"Togo",352695,,
2011,780,"Trinidad and Tobago",549913,,
2011,788,"Tunisia",437832,,
2011,792,"Türkiye",6523059,,
2011,804,"Ukraine",799060,,
2011,784,"United Arab Emirates",17028713,,
2011,926,"United Kingdom",8142189,,
2011,826,"United Kingdom excl. Channel Islands and Isle of Man",8142189,,
2011,842,"United States of America",42297906,,
2011,630,"Puerto Rico",1484595,,
2011,840,"United States of America excluding Puerto Rico and United States Virgin Islands",40813311,,
2011,858,"Uruguay",861164,,
2011,862,"Venezuela (Bolivarian Rep. of)",1343500,,
2011,704,"Viet Nam",6885023,,
2011,887,"Yemen",180185,"Revised more than 20% in relation to the version published on 18 March 2022.",
2011,0000,"World",593817650,,
2011,5100,"Africa",24689259,,
2011,5110,"Northern Africa",11835564,,
2011,5120,"Sub-Saharan Africa",12853695,,
2011,5121,"Eastern Africa",2484703,,
2011,5122,"Middle Africa",1681143,,
2011,5123,"Southern Africa",4612969,,
2011,5124,"Western Africa",4074880,,
2011,5200,"Americas",89131304,,
2011,5210,"Northern America",47033656,,
2011,5220,"Latin America and the Caribbean",42097648,,
2011,5221,"Caribbean",5842479,,
2011,5222,"Central America",14034387,,
2011,5223,"South America",22220782,,
2011,5300,"Asia",376339742,,
2011,5330,"Eastern Asia",236446264,,
2011,5350,"South-eastern Asia",79937744,,
2011,5320,"Southern Asia",21218431,,
2011,5340,"Western Asia",38737303,,
2011,5400,"Europe",93818655,,
2011,5410,"Eastern Europe",7178527,,
2011,5420,"Northern Europe",14294597,,
2011,5430,"Southern Europe",30795665,,
2011,5440,"Western Europe",41549866,,
2011,5500,"Oceania",9838690,,
2011,5600,"Asia and Oceania",386178432,,
2011,5702,"Northern America and Europe",140852311,,
2011,5706,"Europe, Northern America, Australia and New Zealand",150165439,,
2011,5703,"Central and Southern Asia",21218431,,
2011,5704,"Eastern and South-Eastern Asia",316384008,,
2011,5705,"Western Asia and Northern Africa",50572867,,
2011,1400,"Developing economies",399074471,,
2011,1410,"Developing economies: Africa",24689259,,
2011,1420,"Developing economies: Americas",42097648,,
2011,1460,"Developing economies: Asia and Oceania",332287564,,
2011,1430,"Developing economies: Asia",331762002,,
2011,1450,"Developing economies: Oceania",525562,,
2011,1500,"Developed economies",194743179,,
2011,1520,"Developed economies: Americas",47033656,,
2011,1560,"Developed economies: Asia and Oceania",53890868,,
2011,1530,"Developed economies: Asia",44577740,,
2011,1550,"Developed economies: Oceania",9313128,,
2011,1540,"Developed economies: Europe",93818655,,
2011,1600,"Developing economies excluding China",242619594,,
2011,1601,"Developing economies excluding LDCs",393325874,,
2011,1610,"LDCs (Least developed countries)",5748597,,
2011,1612,"LDCs: Asia",2218028,,
2011,1614,"LDCs: Africa",3530569,,
2011,1640,"SIDS (Small island developing States) (UN-OHRLLS)",37271275,,
2011,1641,"SIDS: Atlantic and Indian Ocean",781423,,
2011,1642,"SIDS: Caribbean",6026590,,
2011,1643,"SIDS: Pacific",30463262,,
2011,2623,"Low-income developing economies",5120341,,
2011,2622,"Middle-income developing economies",66451677,,
2011,2621,"High-income developing economies",327255305,,
2011,2711,"BRICS",182988305,,
2011,3412,"European Union (2020 …)",79710656,,
2011,3916,"G20 (Group of Twenty)",394781665,,
2011,3919,"G-77 (Group of 77)",349486323,,
2011,3905,"OECD (Organisation for Economic Cooperation and Development)",204069354,,
2012,0001,"Individual economies",,,"Not applicable"
2012,008,"Albania",83194,,
2012,012,"Algeria",1398615,,
2012,016,"American Samoa",59461,,
2012,024,"Angola",691926,,
2012,028,"Antigua and Barbuda",24449,,
2012,032,"Argentina",1970243,,
2012,533,"Aruba",,,"Not publishable"
2012,036,"Australia",7182040,,
2012,044,"Bahamas",1232000,,
2012,048,"Bahrain",525309,,
2012,050,"Bangladesh",1435045,,
2012,052,"Barbados",72163,,
2012,056,"Belgium",9653447,,
2012,084,"Belize",36978,,
2012,076,"Brazil",8455525,,
2012,096,"Brunei Darussalam",116551,,
2012,100,"Bulgaria",169922,"Revised more than 20% in relation to the version published on 18 March 2022.",
2012,132,"Cabo Verde",49207,,
2012,116,"Cambodia",255378,,
2012,120,"Cameroon",351099,,
2012,124,"Canada",5125601,,
2012,136,"Cayman Islands",45400,,
2012,152,"Chile",3514318,,
2012,156,"China",170058384,,
2012,344,"China, Hong Kong SAR",23126000,,
2012,158,"China, Taiwan Province of",13879192,,
2012,170,"Colombia",3381952,,
2012,178,"Congo",509037,,
2012,180,"Congo, Dem. Rep. of the",62665,,
2012,188,"Costa Rica",1229530,,
2012,384,"Côte d'Ivoire",880104,"Revised more than 20% in relation to the version published on 18 March 2022.",
2012,191,"Croatia",172491,"Revised more than 20% in relation to the version published on 18 March 2022.",
2012,192,"Cuba",240000,,
2012,531,"Curaçao",99191,,
2012,196,"Cyprus",307496,,
2012,208,"Denmark",763658,,
2012,262,"Djibouti",743273,,
2012,214,"Dominican Republic",1751758,,
2012,218,"Ecuador",1591052,,
2012,818,"Egypt",5846921,"Revised more than 20% in relation to the version published on 18 March 2022.",
2012,222,"El Salvador",160982,,
2012,233,"Estonia",227809,,
2012,246,"Finland",1445102,,
2012,251,"France",4683952,,
2012,250,"France, metropolitan",4076391,,
2012,254,"French Guiana",31002,,
2012,312,"Guadeloupe",211412,,
2012,474,"Martinique",143728,,
2012,638,"Réunion",221419,,
2012,266,"Gabon",168912,,
2012,268,"Georgia",356723,"Revised more than 20% in relation to the version published on 18 March 2022.",
2012,276,"Germany",15272901,,
2012,288,"Ghana",882877,,
2012,300,"Greece",3085181,,
2012,308,"Grenada",13920,,
2012,316,"Guam",173089,,
2012,320,"Guatemala",1158482,,
2012,324,"Guinea",147466,,
2012,340,"Honduras",663908,,
2012,352,"Iceland",208013,,
2012,356,"India",10017480,,
2012,360,"Indonesia",10055230,,
2012,364,"Iran (Islamic Republic of)",2739276,,
2012,372,"Ireland",734023,,
2012,376,"Israel",2561000,,
2012,380,"Italy",9674361,,
2012,388,"Jamaica",1855400,,
2012,392,"Japan",21167525,,
2012,400,"Jordan",833000,,
2012,404,"Kenya",903443,,
2012,410,"Korea, Republic of",22559272,,
2012,428,"Latvia",366417,,
2012,422,"Lebanon",1041756,,
2012,440,"Lithuania",381278,,
2012,458,"Malaysia",20491118,,
2012,470,"Malta",2542363,,
2012,480,"Mauritius",417467,,
2012,484,"Mexico",4810170,,
2012,504,"Morocco",2790692,,
2012,508,"Mozambique",246000,"Estimated. Revised more than 20% in relation to the version published on 18 March 2022.",
2012,104,"Myanmar",474300,,
2012,516,"Namibia",334410,,
2012,528,"Netherlands (Kingdom of the)",12034495,,
2012,530,"Netherlands Antilles",,,"Not applicable"
2012,540,"New Caledonia",96000,,
2012,554,"New Zealand",2594088,,
2012,558,"Nicaragua",94443,,
2012,566,"Nigeria",1583460,,
2012,579,"Norway",687821,,
2012,512,"Oman",4165083,,
2012,586,"Pakistan",2231250,,
2012,591,"Panama",6853273,,
2012,598,"Papua New Guinea",184491,,
2012,604,"Peru",2021881,,
2012,608,"Philippines",5781579,,
2012,616,"Poland",1657432,,
2012,620,"Portugal",1904893,,
2012,634,"Qatar",380351,,
2012,642,"Romania",684059,,
2012,643,"Russian Federation",4526980,,
2012,662,"Saint Lucia",83340,,
2012,670,"Saint Vincent and the Grenadines",16826,,
2012,882,"Samoa",23137,,
2012,682,"Saudi Arabia",6624538,,
2012,686,"Senegal",401803,,
2012,694,"Sierra Leone",82500,,
2012,702,"Singapore",31649400,,
2012,534,"Sint Maarten (Dutch part)",79807,,
2012,705,"Slovenia",570744,,
2012,710,"South Africa",4352727,,
2012,724,"Spain",14066221,,
2012,144,"Sri Lanka",4320984,,
2012,729,"Sudan",441469,,
2012,736,"Sudan (...2011)",,,"Not applicable"
2012,740,"Suriname",103961,,
2012,752,"Sweden",1493690,,
2012,760,"Syrian Arab Republic",342062,,
2012,834,"Tanzania, United Republic of",507185,,
2012,764,"Thailand",7845500,,
2012,768,"Togo",288481,,
2012,780,"Trinidad and Tobago",542346,,
2012,788,"Tunisia",456509,"Revised more than 20% in relation to the version published on 18 March 2022.",
2012,792,"Türkiye",7302956,,
2012,804,"Ukraine",720301,,
2012,784,"United Arab Emirates",18063296,,
2012,926,"United Kingdom",7977778,,
2012,826,"United Kingdom excl. Channel Islands and Isle of Man",7977778,,
2012,842,"United States of America",43303729,,
2012,630,"Puerto Rico",1423156,,
2012,840,"United States of America excluding Puerto Rico and United States Virgin Islands",41880573,,
2012,858,"Uruguay",753889,,
2012,862,"Venezuela (Bolivarian Rep. of)",1569841,,
2012,704,"Viet Nam",7505641,,
2012,887,"Yemen",262624,"Revised more than 20% in relation to the version published on 18 March 2022.",
2012,0000,"World",622204685,,
2012,5100,"Africa",24538248,,
2012,5110,"Northern Africa",10934206,,
2012,5120,"Sub-Saharan Africa",13604042,,
2012,5121,"Eastern Africa",2817368,,
2012,5122,"Middle Africa",1783639,,
2012,5123,"Southern Africa",4687137,,
2012,5124,"Western Africa",4315898,,
2012,5200,"Americas",93090306,,
2012,5210,"Northern America",48429330,,
2012,5220,"Latin America and the Caribbean",44660976,,
2012,5221,"Caribbean",6224548,,
2012,5222,"Central America",15007766,,
2012,5223,"South America",23428662,,
2012,5300,"Asia",398167803,,
2012,5330,"Eastern Asia",250790373,,
2012,5350,"South-eastern Asia",84174697,,
2012,5320,"Southern Asia",20744035,,
2012,5340,"Western Asia",42458698,,
2012,5400,"Europe",96096022,,
2012,5410,"Eastern Europe",7758694,,
2012,5420,"Northern Europe",14285589,,
2012,5430,"Southern Europe",32406944,,
2012,5440,"Western Europe",41644795,,
2012,5500,"Oceania",10312306,,
2012,5600,"Asia and Oceania",408480109,,
2012,5702,"Northern America and Europe",144525352,,
2012,5706,"Europe, Northern America, Australia and New Zealand",154301480,,
2012,5703,"Central and Southern Asia",20744035,,
2012,5704,"Eastern and South-Eastern Asia",334965070,,
2012,5705,"Western Asia and Northern Africa",53392904,,
2012,1400,"Developing economies",421615408,,
2012,1410,"Developing economies: Africa",24538248,,
2012,1420,"Developing economies: Americas",44660976,,
2012,1460,"Developing economies: Asia and Oceania",352416184,,
2012,1430,"Developing economies: Asia",351880006,,
2012,1450,"Developing economies: Oceania",536178,,
2012,1500,"Developed economies",200589277,,
2012,1520,"Developed economies: Americas",48429330,,
2012,1560,"Developed economies: Asia and Oceania",56063925,,
2012,1530,"Developed economies: Asia",46287797,,
2012,1550,"Developed economies: Oceania",9776128,,
2012,1540,"Developed economies: Europe",96096022,,
2012,1600,"Developing economies excluding China",251557024,,
2012,1601,"Developing economies excluding LDCs",415575293,,
2012,1610,"LDCs (Least developed countries)",6040115,,
2012,1612,"LDCs: Asia",2427347,,
2012,1614,"LDCs: Africa",3612768,,
2012,1640,"SIDS (Small island developing States) (UN-OHRLLS)",39609048,,
2012,1641,"SIDS: Atlantic and Indian Ocean",991983,,
2012,1642,"SIDS: Caribbean",6431487,,
2012,1643,"SIDS: Pacific",32185578,,
2012,2623,"Low-income developing economies",5086002,,
2012,2622,"Middle-income developing economies",68484825,,
2012,2621,"High-income developing economies",347812031,,
2012,2711,"BRICS",197411096,,
2012,3412,"European Union (2020 …)",81891935,,
2012,3916,"G20 (Group of Twenty)",417382113,,
2012,3919,"G-77 (Group of 77)",371419471,,
2012,3905,"OECD (Organisation for Economic Cooperation and Development)",211621397,,
2013,0001,"Individual economies",,,"Not applicable"
2013,008,"Albania",108670,,
2013,012,"Algeria",1514392,,
2013,016,"American Samoa",56600,,
2013,024,"Angola",912898,,
2013,028,"Antigua and Barbuda",24842,,
2013,032,"Argentina",2176939,,
2013,533,"Aruba",30988,,
2013,036,"Australia",7290251,,
2013,044,"Bahamas",1465246,,
2013,048,"Bahrain",429823,,
2013,050,"Bangladesh",1584873,,
2013,052,"Barbados",74923,,
2013,056,"Belgium",9528054,,
2013,084,"Belize",40978,,
2013,076,"Brazil",9214483,,
2013,096,"Brunei Darussalam",111817,,
2013,100,"Bulgaria",180446,,
2013,132,"Cabo Verde",49084,,
2013,116,"Cambodia",286450,,
2013,120,"Cameroon",339268,,
2013,124,"Canada",5260202,,
2013,136,"Cayman Islands",46118,,
2013,152,"Chile",3853407,,
2013,156,"China",181300944,,
2013,344,"China, Hong Kong SAR",22288000,,
2013,158,"China, Taiwan Province of",14046868,,
2013,170,"Colombia",3068565,,
2013,178,"Congo",574159,,
2013,180,"Congo, Dem. Rep. of the",67965,,
2013,188,"Costa Rica",1245174,,
2013,384,"Côte d'Ivoire",983188,"Revised more than 20% in relation to the version published on 18 March 2022.",
2013,191,"Croatia",187284,"Revised more than 20% in relation to the version published on 18 March 2022.",
2013,192,"Cuba",263886,,
2013,531,"Curaçao",87452,,
2013,196,"Cyprus",277276,,
2013,208,"Denmark",749353,,
2013,262,"Djibouti",787867,,
2013,214,"Dominican Republic",1446902,,
2013,218,"Ecuador",1642336,,
2013,818,"Egypt",5874827,"Revised more than 20% in relation to the version published on 18 March 2022.",
2013,222,"El Salvador",180634,,
2013,233,"Estonia",253855,,
2013,246,"Finland",1472143,,
2013,251,"France",4882685,,
2013,250,"France, metropolitan",4285777,,
2013,254,"French Guiana",30704,,
2013,312,"Guadeloupe",205800,,
2013,474,"Martinique",147404,,
2013,638,"Réunion",213000,,
2013,266,"Gabon",130700,,
2013,268,"Georgia",403447,"Revised more than 20% in relation to the version published on 18 March 2022.",
2013,276,"Germany",15409721,,
2013,288,"Ghana",894362,,
2013,300,"Greece",3523164,,
2013,308,"Grenada",16000,,
2013,316,"Guam",169816,,
2013,320,"Guatemala",1211561,,
2013,324,"Guinea",147231,,
2013,340,"Honduras",671467,,
2013,352,"Iceland",224445,,
2013,356,"India",10572320,,
2013,360,"Indonesia",10488947,,
2013,364,"Iran (Islamic Republic of)",2218161,,
2013,372,"Ireland",727328,,
2013,376,"Israel",2539000,,
2013,380,"Italy",10118350,,
2013,388,"Jamaica",1703949,,
2013,392,"Japan",21442040,,
2013,400,"Jordan",872809,,
2013,404,"Kenya",894000,,
2013,410,"Korea, Republic of",23464514,,
2013,428,"Latvia",384750,,
2013,422,"Lebanon",1117334,,
2013,440,"Lithuania",402535,,
2013,458,"Malaysia",20876442,,
2013,470,"Malta",2749717,,
2013,480,"Mauritius",385326,,
2013,484,"Mexico",4892881,,
2013,504,"Morocco",3526437,,
2013,508,"Mozambique",244500,"Estimated. Revised more than 20% in relation to the version published on 18 March 2022.",
2013,104,"Myanmar",567156,,
2013,516,"Namibia",301817,,
2013,528,"Netherlands (Kingdom of the)",11751977,,
2013,530,"Netherlands Antilles",,,"Not applicable"
2013,540,"New Caledonia",95000,,
2013,554,"New Zealand",2665079,,
2013,558,"Nicaragua",97731,,
2013,566,"Nigeria",1696000,,
2013,579,"Norway",707041,,
2013,512,"Oman",3926307,,
2013,586,"Pakistan",2252000,,
2013,591,"Panama",6538075,,
2013,598,"Papua New Guinea",,,"Not publishable"
2013,604,"Peru",2064981,,
2013,608,"Philippines",5850671,,
2013,616,"Poland",1969530,,
2013,620,"Portugal",2353754,,
2013,634,"Qatar",400000,,
2013,642,"Romania",661124,,
2013,643,"Russian Federation",4720638,,
2013,662,"Saint Lucia",64415,,
2013,670,"Saint Vincent and the Grenadines",16826,,
2013,882,"Samoa",24006,,
2013,682,"Saudi Arabia",6757693,,
2013,686,"Senegal",454050,,
2013,694,"Sierra Leone",86250,,
2013,702,"Singapore",32578700,,
2013,534,"Sint Maarten (Dutch part)",80655,,
2013,705,"Slovenia",600441,,
2013,710,"South Africa",4693942,,
2013,724,"Spain",13903835,,
2013,144,"Sri Lanka",4306206,,
2013,729,"Sudan",447495,,
2013,736,"Sudan (...2011)",,,"Not applicable"
2013,740,"Suriname",108020,,
2013,752,"Sweden",1446782,,
2013,760,"Syrian Arab Republic",194179,,
2013,834,"Tanzania, United Republic of",553940,,
2013,764,"Thailand",8067988,,
2013,768,"Togo",311470,,
2013,780,"Trinidad and Tobago",574119,,
2013,788,"Tunisia",463540,"Revised more than 20% in relation to the version published on 18 March 2022.",
2013,792,"Türkiye",7977820,,
2013,804,"Ukraine",787881,,
2013,784,"United Arab Emirates",18657222,,
2013,926,"United Kingdom",8248445,,
2013,826,"United Kingdom excl. Channel Islands and Isle of Man",8248445,,
2013,842,"United States of America",44112812,,
2013,630,"Puerto Rico",1269902,,
2013,840,"United States of America excluding Puerto Rico and United States Virgin Islands",42842910,,
2013,858,"Uruguay",826962,,
2013,862,"Venezuela (Bolivarian Rep. of)",1441673,,
2013,704,"Viet Nam",8035812,,
2013,887,"Yemen",290011,"Revised more than 20% in relation to the version published on 18 March 2022.",
2013,0000,"World",643652922,,
2013,5100,"Africa",26334708,,
2013,5110,"Northern Africa",11826691,,
2013,5120,"Sub-Saharan Africa",14508017,,
2013,5121,"Eastern Africa",2865633,,
2013,5122,"Middle Africa",2024990,,
2013,5123,"Southern Africa",4995759,,
2013,5124,"Western Africa",4621635,,
2013,5200,"Americas",94596193,,
2013,5210,"Northern America",49373014,,
2013,5220,"Latin America and the Caribbean",45223179,,
2013,5221,"Caribbean",5896321,,
2013,5222,"Central America",14878501,,
2013,5223,"South America",24448357,,
2013,5300,"Asia",413905554,,
2013,5330,"Eastern Asia",262542366,,
2013,5350,"South-eastern Asia",86863983,,
2013,5320,"Southern Asia",20933560,,
2013,5340,"Western Asia",43565645,,
2013,5400,"Europe",98331224,,
2013,5410,"Eastern Europe",8319619,,
2013,5420,"Northern Europe",14616677,,
2013,5430,"Southern Europe",33822491,,
2013,5440,"Western Europe",41572437,,
2013,5500,"Oceania",10485243,,
2013,5600,"Asia and Oceania",424390797,,
2013,5702,"Northern America and Europe",147704238,,
2013,5706,"Europe, Northern America, Australia and New Zealand",157659568,,
2013,5703,"Central and Southern Asia",20933560,,
2013,5704,"Eastern and South-Eastern Asia",349406349,,
2013,5705,"Western Asia and Northern Africa",55392336,,
2013,1400,"Developing economies",438547800,,
2013,1410,"Developing economies: Africa",26334708,,
2013,1420,"Developing economies: Americas",45223179,,
2013,1460,"Developing economies: Asia and Oceania",366989913,,
2013,1430,"Developing economies: Asia",366460000,,
2013,1450,"Developing economies: Oceania",529913,,
2013,1500,"Developed economies",205105122,,
2013,1520,"Developed economies: Americas",49373014,,
2013,1560,"Developed economies: Asia and Oceania",57400884,,
2013,1530,"Developed economies: Asia",47445554,,
2013,1550,"Developed economies: Oceania",9955330,,
2013,1540,"Developed economies: Europe",98331224,,
2013,1600,"Developing economies excluding China",257246856,,
2013,1601,"Developing economies excluding LDCs",431805644,,
2013,1610,"LDCs (Least developed countries)",6742156,,
2013,1612,"LDCs: Asia",2728490,,
2013,1614,"LDCs: Africa",4013666,,
2013,1640,"SIDS (Small island developing States) (UN-OHRLLS)",40069156,,
2013,1641,"SIDS: Atlantic and Indian Ocean",864233,,
2013,1642,"SIDS: Caribbean",6096310,,
2013,1643,"SIDS: Pacific",33108613,,
2013,2623,"Low-income developing economies",5162197,,
2013,2622,"Middle-income developing economies",71917856,,
2013,2621,"High-income developing economies",361241331,,
2013,2711,"BRICS",210502327,,
2013,3412,"European Union (2020 …)",83534104,,
2013,3916,"G20 (Group of Twenty)",436148975,,
2013,3919,"G-77 (Group of 77)",388372155,,
2013,3905,"OECD (Organisation for Economic Cooperation and Development)",216469933,,
2014,0001,"Individual economies",,,"Not applicable"
2014,008,"Albania",99350,,
2014,012,"Algeria",1658776,"Revised more than 20% in relation to the version published on 18 March 2022.",
2014,016,"American Samoa",57025,,
2014,024,"Angola",1055302,,
2014,028,"Antigua and Barbuda",14443,,
2014,032,"Argentina",1738744,,
2014,533,"Aruba",29628,,
2014,036,"Australia",7432288,,
2014,044,"Bahamas",1465283,,
2014,048,"Bahrain",442941,,
2014,050,"Bangladesh",1782007,,
2014,052,"Barbados",78432,,
2014,056,"Belgium",9895013,,
2014,084,"Belize",43593,,
2014,076,"Brazil",9436275,,
2014,096,"Brunei Darussalam",106168,,
2014,100,"Bulgaria",195456,,
2014,132,"Cabo Verde",54112,,
2014,116,"Cambodia",333904,"Revised more than 20% in relation to the version published on 18 March 2022.",
2014,120,"Cameroon",333555,,
2014,124,"Canada",5447571,,
2014,136,"Cayman Islands",46720,,
2014,152,"Chile",3956160,,
2014,156,"China",192333713,,
2014,344,"China, Hong Kong SAR",22300000,,
2014,158,"China, Taiwan Province of",15050514,,
2014,170,"Colombia",3409344,,
2014,178,"Congo",619892,"Revised more than 20% in relation to the version published on 18 March 2022.",
2014,180,"Congo, Dem. Rep. of the",73265,,
2014,188,"Costa Rica",1298579,,
2014,384,"Côte d'Ivoire",991767,"Revised more than 20% in relation to the version published on 18 March 2022.",
2014,191,"Croatia",211910,,
2014,192,"Cuba",230836,,
2014,531,"Curaçao",89193,,
2014,196,"Cyprus",307878,,
2014,208,"Denmark",750554,,
2014,262,"Djibouti",864027,,
2014,214,"Dominican Republic",1265132,,
2014,218,"Ecuador",1772533,,
2014,818,"Egypt",6336863,,
2014,222,"El Salvador",179577,,
2014,233,"Estonia",260966,,
2014,246,"Finland",1426630,,
2014,251,"France",5076125,,
2014,250,"France, metropolitan",4424205,,
2014,254,"French Guiana",55109,,
2014,312,"Guadeloupe",183922,,
2014,474,"Martinique",171889,,
2014,638,"Réunion",241000,,
2014,266,"Gabon",197998,,
2014,268,"Georgia",446972,"Revised more than 20% in relation to the version published on 18 March 2022.",
2014,276,"Germany",15880228,"Revised more than 20% in relation to the version published on 18 March 2022.",
2014,288,"Ghana",793582,,
2014,300,"Greece",3954674,,
2014,308,"Grenada",16100,,
2014,316,"Guam",161337,,
2014,320,"Guatemala",1263476,,
2014,324,"Guinea",160160,,
2014,340,"Honduras",682857,,
2014,352,"Iceland",235892,,
2014,356,"India",11652174,,
2014,360,"Indonesia",10063117,,
2014,364,"Iran (Islamic Republic of)",2381922,,
2014,372,"Ireland",793102,,
2014,376,"Israel",2446000,,
2014,380,"Italy",10255753,,
2014,388,"Jamaica",1638113,,
2014,392,"Japan",21662814,,
2014,400,"Jordan",782000,,
2014,404,"Kenya",1012002,,
2014,410,"Korea, Republic of",24799791,,
2014,428,"Latvia",392126,,
2014,422,"Lebanon",1210413,,
2014,440,"Lithuania",450428,,
2014,458,"Malaysia",22366426,,
2014,470,"Malta",2873269,,
2014,480,"Mauritius",403001,,
2014,484,"Mexico",5071720,,
2014,504,"Morocco",4076488,,
2014,508,"Mozambique",277200,"Estimated. Revised more than 20% in relation to the version published on 18 March 2022.",
2014,104,"Myanmar",716926,,
2014,516,"Namibia",253052,,
2014,528,"Netherlands (Kingdom of the)",12456588,,
2014,530,"Netherlands Antilles",,,"Not applicable"
2014,540,"New Caledonia",113000,,
2014,554,"New Zealand",2751167,,
2014,558,"Nicaragua",116312,,
2014,566,"Nigeria",1867409,,
2014,579,"Norway",728372,,
2014,512,"Oman",3364663,,
2014,586,"Pakistan",2447600,,
2014,591,"Panama",6773865,,
2014,598,"Papua New Guinea",,,"Not publishable"
2014,604,"Peru",2241216,,
2014,608,"Philippines",6160010,,
2014,616,"Poland",2139616,,
2014,620,"Portugal",2689268,,
2014,634,"Qatar",461863,,
2014,642,"Romania",668033,,
2014,643,"Russian Federation",4636808,,
2014,662,"Saint Lucia",41521,,
2014,670,"Saint Vincent and the Grenadines",16737,,
2014,882,"Samoa",27198,,
2014,682,"Saudi Arabia",6860353,,
2014,686,"Senegal",456000,,
2014,694,"Sierra Leone",88125,,
2014,702,"Singapore",33869300,,
2014,534,"Sint Maarten (Dutch part)",82643,,
2014,705,"Slovenia",647033,,
2014,710,"South Africa",4588327,,
2014,724,"Spain",14205033,,
2014,144,"Sri Lanka",4907901,,
2014,729,"Sudan",434445,,
2014,736,"Sudan (...2011)",,,"Not applicable"
2014,740,"Suriname",108703,,
2014,752,"Sweden",1460128,,
2014,760,"Syrian Arab Republic",254520,,
2014,834,"Tanzania, United Republic of",612551,,
2014,764,"Thailand",8664572,,
2014,768,"Togo",380798,,
2014,780,"Trinidad and Tobago",593364,,
2014,788,"Tunisia",466412,,
2014,792,"Türkiye",8351069,,
2014,804,"Ukraine",670342,,
2014,784,"United Arab Emirates",20186679,,
2014,926,"United Kingdom",9509773,,
2014,826,"United Kingdom excl. Channel Islands and Isle of Man",9509773,,
2014,842,"United States of America",45955020,,
2014,630,"Puerto Rico",1319961,,
2014,840,"United States of America excluding Puerto Rico and United States Virgin Islands",44635059,,
2014,858,"Uruguay",775651,,
2014,862,"Venezuela (Bolivarian Rep. of)",933380,,
2014,704,"Viet Nam",9473429,,
2014,887,"Yemen",296035,"Revised more than 20% in relation to the version published on 18 March 2022.",
2014,0000,"World",674689215,,
2014,5100,"Africa",28055109,,
2014,5110,"Northern Africa",12972984,,
2014,5120,"Sub-Saharan Africa",15082125,,
2014,5121,"Eastern Africa",3168781,,
2014,5122,"Middle Africa",2280012,,
2014,5123,"Southern Africa",4841379,,
2014,5124,"Western Africa",4791953,,
2014,5200,"Americas",96861456,,
2014,5210,"Northern America",51402591,,
2014,5220,"Latin America and the Caribbean",45458865,,
2014,5221,"Caribbean",5608145,,
2014,5222,"Central America",15429979,,
2014,5223,"South America",24420741,,
2014,5300,"Asia",436175796,,
2014,5330,"Eastern Asia",276146832,,
2014,5350,"South-eastern Asia",91753852,,
2014,5320,"Southern Asia",23171604,,
2014,5340,"Western Asia",45103508,,
2014,5400,"Europe",102870348,,
2014,5410,"Eastern Europe",8310255,,
2014,5420,"Northern Europe",16007971,,
2014,5430,"Southern Europe",35244168,,
2014,5440,"Western Europe",43307954,,
2014,5500,"Oceania",10726506,,
2014,5600,"Asia and Oceania",446902302,,
2014,5702,"Northern America and Europe",154272939,,
2014,5706,"Europe, Northern America, Australia and New Zealand",164456394,,
2014,5703,"Central and Southern Asia",23171604,,
2014,5704,"Eastern and South-Eastern Asia",367900684,,
2014,5705,"Western Asia and Northern Africa",58076492,,
2014,1400,"Developing economies",461324216,,
2014,1410,"Developing economies: Africa",28055109,,
2014,1420,"Developing economies: Americas",45458865,,
2014,1460,"Developing economies: Asia and Oceania",387810242,,
2014,1430,"Developing economies: Asia",387267191,,
2014,1450,"Developing economies: Oceania",543051,,
2014,1500,"Developed economies",213364999,,
2014,1520,"Developed economies: Americas",51402591,,
2014,1560,"Developed economies: Asia and Oceania",59092060,,
2014,1530,"Developed economies: Asia",48908605,,
2014,1550,"Developed economies: Oceania",10183455,,
2014,1540,"Developed economies: Europe",102870348,,
2014,1600,"Developing economies excluding China",268990503,,
2014,1601,"Developing economies excluding LDCs",453793471,,
2014,1610,"LDCs (Least developed countries)",7530745,,
2014,1612,"LDCs: Asia",3128872,,
2014,1614,"LDCs: Africa",4401873,,
2014,1640,"SIDS (Small island developing States) (UN-OHRLLS)",41121581,,
2014,1641,"SIDS: Atlantic and Indian Ocean",900054,,
2014,1642,"SIDS: Caribbean",5809176,,
2014,1643,"SIDS: Pacific",34412351,,
2014,2623,"Low-income developing economies",5741625,,
2014,2622,"Middle-income developing economies",76098077,,
2014,2621,"High-income developing economies",379266152,,
2014,2711,"BRICS",222647297,,
2014,3412,"European Union (2020 …)",86989811,,
2014,3916,"G20 (Group of Twenty)",456529368,,
2014,3919,"G-77 (Group of 77)",409524395,,
2014,3905,"OECD (Organisation for Economic Cooperation and Development)",225788825,,
2015,0001,"Individual economies",,,"Not applicable"
2015,008,"Albania",104000,,
2015,012,"Algeria",1694425,,
2015,016,"American Samoa",70288,,
2015,024,"Angola",753286,,
2015,028,"Antigua and Barbuda",14949,,
2015,032,"Argentina",1734397,,
2015,533,"Aruba",35342,,
2015,036,"Australia",7722625,,
2015,044,"Bahamas",1468380,,
2015,048,"Bahrain",379817,,
2015,050,"Bangladesh",2066344,,
2015,052,"Barbados",86508,,
2015,056,"Belgium",10059579,,
2015,084,"Belize",48141,,
2015,076,"Brazil",9263315,,
2015,096,"Brunei Darussalam",102798,,
2015,100,"Bulgaria",201050,,
2015,132,"Cabo Verde",52789,,
2015,116,"Cambodia",391819,,
2015,120,"Cameroon",379915,,
2015,124,"Canada",5828525,,
2015,136,"Cayman Islands",54607,,
2015,152,"Chile",3956842,,
2015,156,"China",199839517,,
2015,344,"China, Hong Kong SAR",20114000,,
2015,158,"China, Taiwan Province of",14491653,,
2015,170,"Colombia",3843103,,
2015,178,"Congo",571860,,
2015,180,"Congo, Dem. Rep. of the",45000,,
2015,188,"Costa Rica",1343841,,
2015,384,"Côte d'Ivoire",927379,,
2015,191,"Croatia",229279,"Revised more than 20% in relation to the version published on 18 March 2022.",
2015,192,"Cuba",330713,,
2015,531,"Curaçao",90016,,
2015,196,"Cyprus",308639,,
2015,208,"Denmark",756464,,
2015,262,"Djibouti",910165,,
2015,214,"Dominican Republic",1367118,,
2015,218,"Ecuador",1866808,,
2015,818,"Egypt",5843911,,
2015,222,"El Salvador",190708,,
2015,233,"Estonia",209154,,
2015,246,"Finland",1413646,,
2015,251,"France",5127915,,
2015,250,"France, metropolitan",4463203,,
2015,254,"French Guiana",53870,,
2015,312,"Guadeloupe",201948,,
2015,474,"Martinique",159231,,
2015,638,"Réunion",249663,,
2015,266,"Gabon",145700,,
2015,268,"Georgia",276776,"Revised more than 20% in relation to the version published on 18 March 2022.",
2015,276,"Germany",15029425,"Revised more than 20% in relation to the version published on 18 March 2022.",
2015,288,"Ghana",840595,,
2015,300,"Greece",3736189,,
2015,308,"Grenada",16000,,
2015,316,"Guam",171844,,
2015,320,"Guatemala",1350920,,
2015,324,"Guinea",169017,,
2015,340,"Honduras",743686,,
2015,352,"Iceland",238723,,
2015,356,"India",12318610,,
2015,360,"Indonesia",9575881,"Revised more than 20% in relation to the version published on 18 March 2022.",
2015,364,"Iran (Islamic Republic of)",2180852,,
2015,372,"Ireland",860278,,
2015,376,"Israel",2522000,,
2015,380,"Italy",10211290,,
2015,388,"Jamaica",1653272,,
2015,392,"Japan",21094824,,
2015,400,"Jordan",758218,,
2015,404,"Kenya",1076118,,
2015,410,"Korea, Republic of",25477299,,
2015,428,"Latvia",359420,,
2015,422,"Lebanon",1130284,,
2015,440,"Lithuania",392700,,
2015,458,"Malaysia",24012959,,
2015,470,"Malta",3068031,,
2015,480,"Mauritius",361109,,
2015,484,"Mexico",5421307,,
2015,504,"Morocco",3987251,,
2015,508,"Mozambique",335200,"Estimated",
2015,104,"Myanmar",827249,,
2015,516,"Namibia",237546,,
2015,528,"Netherlands (Kingdom of the)",12400607,,
2015,530,"Netherlands Antilles",,,"Not applicable"
2015,540,"New Caledonia",104000,,
2015,554,"New Zealand",2930886,,
2015,558,"Nicaragua",144718,,
2015,566,"Nigeria",1544183,,
2015,579,"Norway",735753,,
2015,512,"Oman",3105000,,
2015,586,"Pakistan",2706324,,
2015,591,"Panama",6893886,,
2015,598,"Papua New Guinea",193656,,
2015,604,"Peru",2158030,,
2015,608,"Philippines",7068958,,
2015,616,"Poland",1860908,,
2015,620,"Portugal",2738727,,
2015,634,"Qatar",530042,,
2015,642,"Romania",689012,,
2015,643,"Russian Federation",3662986,,
2015,662,"Saint Lucia",46585,,
2015,670,"Saint Vincent and the Grenadines",16342,,
2015,882,"Samoa",27719,,
2015,682,"Saudi Arabia",7793767,,
2015,686,"Senegal",529724,,
2015,694,"Sierra Leone",90000,,
2015,702,"Singapore",30922300,,
2015,534,"Sint Maarten (Dutch part)",95190,,
2015,705,"Slovenia",790736,,
2015,710,"South Africa",4662479,,
2015,724,"Spain",14288388,,
2015,144,"Sri Lanka",5185000,,
2015,729,"Sudan",481815,,
2015,736,"Sudan (...2011)",,,"Not applicable"
2015,740,"Suriname",106014,,
2015,752,"Sweden",1446003,,
2015,760,"Syrian Arab Republic",236088,,
2015,834,"Tanzania, United Republic of",639230,,
2015,764,"Thailand",8883542,,
2015,768,"Togo",905700,"Revised more than 20% in relation to the version published on 18 March 2022.",
2015,780,"Trinidad and Tobago",520825,,
2015,788,"Tunisia",477050,,
2015,792,"Türkiye",8143635,,
2015,804,"Ukraine",480837,,
2015,784,"United Arab Emirates",21238293,,
2015,926,"United Kingdom",9760060,,
2015,826,"United Kingdom excl. Channel Islands and Isle of Man",9760060,,
2015,842,"United States of America",47607488,,
2015,630,"Puerto Rico",1210503,,
2015,840,"United States of America excluding Puerto Rico and United States Virgin Islands",46396985,,
2015,858,"Uruguay",811297,,
2015,862,"Venezuela (Bolivarian Rep. of)",734185,,
2015,704,"Viet Nam",10615391,"Revised more than 20% in relation to the version published on 18 March 2022.",
2015,887,"Yemen",178098,"Revised more than 20% in relation to the version published on 18 March 2022.",
2015,0000,"World",684105494,,
2015,5100,"Africa",27661447,,
2015,5110,"Northern Africa",12484452,,
2015,5120,"Sub-Saharan Africa",15176995,,
2015,5121,"Eastern Africa",3321822,,
2015,5122,"Middle Africa",1895761,,
2015,5123,"Southern Africa",4900025,,
2015,5124,"Western Africa",5059387,,
2015,5200,"Americas",99895892,,
2015,5210,"Northern America",53436013,,
2015,5220,"Latin America and the Caribbean",46459879,,
2015,5221,"Caribbean",5795847,,
2015,5222,"Central America",16137207,,
2015,5223,"South America",24526825,,
2015,5300,"Asia",444167338,,
2015,5330,"Eastern Asia",281017293,,
2015,5350,"South-eastern Asia",92400897,,
2015,5320,"Southern Asia",24457130,,
2015,5340,"Western Asia",46292018,,
2015,5400,"Europe",101159799,,
2015,5410,"Eastern Europe",6894793,,
2015,5420,"Northern Europe",16172201,,
2015,5430,"Southern Europe",35475279,,
2015,5440,"Western Europe",42617526,,
2015,5500,"Oceania",11221018,,
2015,5600,"Asia and Oceania",455388356,,
2015,5702,"Northern America and Europe",154595812,,
2015,5706,"Europe, Northern America, Australia and New Zealand",165249323,,
2015,5703,"Central and Southern Asia",24457130,,
2015,5704,"Eastern and South-Eastern Asia",373418190,,
2015,5705,"Western Asia and Northern Africa",58776470,,
2015,1400,"Developing economies",469762048,,
2015,1410,"Developing economies: Africa",27661447,,
2015,1420,"Developing economies: Americas",46459879,,
2015,1460,"Developing economies: Asia and Oceania",395640722,,
2015,1430,"Developing economies: Asia",395073215,,
2015,1450,"Developing economies: Oceania",567507,,
2015,1500,"Developed economies",214343446,,
2015,1520,"Developed economies: Americas",53436013,,
2015,1560,"Developed economies: Asia and Oceania",59747634,,
2015,1530,"Developed economies: Asia",49094123,,
2015,1550,"Developed economies: Oceania",10653511,,
2015,1540,"Developed economies: Europe",101159799,,
2015,1600,"Developing economies excluding China",269922531,,
2015,1601,"Developing economies excluding LDCs",461439401,,
2015,1610,"LDCs (Least developed countries)",8322647,,
2015,1612,"LDCs: Asia",3463510,,
2015,1614,"LDCs: Africa",4859137,,
2015,1640,"SIDS (Small island developing States) (UN-OHRLLS)",38286358,,
2015,1641,"SIDS: Atlantic and Indian Ocean",793715,,
2015,1642,"SIDS: Caribbean",6002836,,
2015,1643,"SIDS: Pacific",31489807,,
2015,2623,"Low-income developing economies",6613721,,
2015,2622,"Middle-income developing economies",77832678,,
2015,2621,"High-income developing economies",385073517,,
2015,2711,"BRICS",229746907,,
2015,3412,"European Union (2020 …)",86177440,,
2015,3916,"G20 (Group of Twenty)",466084155,,
2015,3919,"G-77 (Group of 77)",420693390,,
2015,3905,"OECD (Organisation for Economic Cooperation and Development)",228308340,,
2016,0001,"Individual economies",,,"Not applicable"
2016,008,"Albania",118829,,
2016,012,"Algeria",1831056,"Revised more than 20% in relation to the version published on 18 March 2022.",
2016,016,"American Samoa",65970,,
2016,024,"Angola",541346,,
2016,028,"Antigua and Barbuda",16193,,
2016,032,"Argentina",1713267,,
2016,533,"Aruba",31323,,
2016,036,"Australia",7822497,,
2016,044,"Bahamas",1261778,,
2016,048,"Bahrain",424602,,
2016,050,"Bangladesh",2387953,,
2016,052,"Barbados",105321,,
2016,056,"Belgium",10321506,,
2016,084,"Belize",46040,,
2016,076,"Brazil",8804079,,
2016,096,"Brunei Darussalam",98606,,
2016,100,"Bulgaria",206111,,
2016,132,"Cabo Verde",62112,,
2016,116,"Cambodia",400187,,
2016,120,"Cameroon",370000,,
2016,124,"Canada",5727822,,
2016,136,"Cayman Islands",60718,,
2016,152,"Chile",4156972,,
2016,156,"China",207160932,,
2016,344,"China, Hong Kong SAR",19580000,,
2016,158,"China, Taiwan Province of",14865306,,
2016,170,"Colombia",3452348,,
2016,178,"Congo",562889,,
2016,180,"Congo, Dem. Rep. of the",59133,,
2016,188,"Costa Rica",1338979,,
2016,384,"Côte d'Ivoire",885750,,
2016,191,"Croatia",246596,"Revised more than 20% in relation to the version published on 18 March 2022.",
2016,192,"Cuba",325319,,
2016,531,"Curaçao",98278,,
2016,196,"Cyprus",360841,,
2016,208,"Denmark",712615,,
2016,262,"Djibouti",987400,,
2016,214,"Dominican Republic",1486227,,
2016,218,"Ecuador",1907090,,
2016,818,"Egypt",5479814,"Revised more than 20% in relation to the version published on 18 March 2022.",
2016,222,"El Salvador",202165,,
2016,233,"Estonia",204177,,
2016,246,"Finland",1509479,,
2016,251,"France",5218949,,
2016,250,"France, metropolitan",4471870,,
2016,254,"French Guiana",56953,,
2016,312,"Guadeloupe",212000,,
2016,474,"Martinique",153453,,
2016,638,"Réunion",324673,,
2016,266,"Gabon",146000,,
2016,268,"Georgia",251011,,
2016,276,"Germany",15139890,"Revised more than 20% in relation to the version published on 18 March 2022.",
2016,288,"Ghana",942463,,
2016,300,"Greece",4088848,,
2016,308,"Grenada",19634,,
2016,316,"Guam",198209,,
2016,320,"Guatemala",1470101,,
2016,324,"Guinea",176167,,
2016,340,"Honduras",756641,,
2016,352,"Iceland",261700,,
2016,356,"India",13724110,,
2016,360,"Indonesia",10072227,,
2016,364,"Iran (Islamic Republic of)",2462028,,
2016,372,"Ireland",916833,,
2016,376,"Israel",2711000,,
2016,380,"Italy",10589293,,
2016,388,"Jamaica",1567442,,
2016,392,"Japan",21678076,,
2016,400,"Jordan",792841,,
2016,404,"Kenya",1091000,,
2016,410,"Korea, Republic of",25945418,,
2016,428,"Latvia",388260,,
2016,422,"Lebanon",1147219,,
2016,440,"Lithuania",443000,,
2016,458,"Malaysia",24569452,,
2016,470,"Malta",3065588,,
2016,480,"Mauritius",388514,,
2016,484,"Mexico",5678854,,
2016,504,"Morocco",4106683,,
2016,508,"Mozambique",,,"Not publishable"
2016,104,"Myanmar",1026216,,
2016,516,"Namibia",115955,"Revised more than 20% in relation to the version published on 18 March 2022.",
2016,528,"Netherlands (Kingdom of the)",12612142,,
2016,530,"Netherlands Antilles",,,"Not applicable"
2016,540,"New Caledonia",108500,,
2016,554,"New Zealand",3000696,,
2016,558,"Nicaragua",156900,,
2016,566,"Nigeria",1272000,,
2016,579,"Norway",716916,,
2016,512,"Oman",3944000,,
2016,586,"Pakistan",3074000,,
2016,591,"Panama",6271682,,
2016,598,"Papua New Guinea",,,"Not publishable"
2016,604,"Peru",2321062,,
2016,608,"Philippines",7417053,,
2016,616,"Poland",2032761,,
2016,620,"Portugal",2914018,,
2016,634,"Qatar",670000,,
2016,642,"Romania",711339,,
2016,643,"Russian Federation",3693381,,
2016,662,"Saint Lucia",38383,,
2016,670,"Saint Vincent and the Grenadines",18236,,
2016,882,"Samoa",34588,,
2016,682,"Saudi Arabia",7683202,,
2016,686,"Senegal",540000,,
2016,694,"Sierra Leone",89063,,
2016,702,"Singapore",30903600,,
2016,534,"Sint Maarten (Dutch part)",97991,,
2016,705,"Slovenia",844000,,
2016,710,"South Africa",4354666,,
2016,724,"Spain",15073218,,
2016,144,"Sri Lanka",5734000,,
2016,729,"Sudan",465355,,
2016,736,"Sudan (...2011)",,,"Not applicable"
2016,740,"Suriname",98652,,
2016,752,"Sweden",1509886,,
2016,760,"Syrian Arab Republic",253415,,
2016,834,"Tanzania, United Republic of",630290,,
2016,764,"Thailand",9340560,,
2016,768,"Togo",821639,"Revised more than 20% in relation to the version published on 18 March 2022.",
2016,780,"Trinidad and Tobago",427427,,
2016,788,"Tunisia",489670,,
2016,792,"Türkiye",8760769,,
2016,804,"Ukraine",680623,,
2016,784,"United Arab Emirates",20652200,,
2016,926,"United Kingdom",10200229,,
2016,826,"United Kingdom excl. Channel Islands and Isle of Man",10200229,,
2016,842,"United States of America",48150727,,
2016,630,"Puerto Rico",1210500,,
2016,840,"United States of America excluding Puerto Rico and United States Virgin Islands",46940227,,
2016,858,"Uruguay",888119,,
2016,862,"Venezuela (Bolivarian Rep. of)",400962,"Revised more than 20% in relation to the version published on 18 March 2022.",
2016,704,"Viet Nam",11282230,"Revised more than 20% in relation to the version published on 18 March 2022.",
2016,887,"Yemen",268208,"Revised more than 20% in relation to the version published on 18 March 2022.",
2016,0000,"World",701389238,,
2016,5100,"Africa",26756465,,
2016,5110,"Northern Africa",12372578,,
2016,5120,"Sub-Saharan Africa",14383887,,
2016,5121,"Eastern Africa",3444704,,
2016,5122,"Middle Africa",1679368,,
2016,5123,"Southern Africa",4470621,,
2016,5124,"Western Africa",4789194,,
2016,5200,"Americas",99147208,,
2016,5210,"Northern America",53878549,,
2016,5220,"Latin America and the Caribbean",45268659,,
2016,5221,"Caribbean",5554270,,
2016,5222,"Central America",15921362,,
2016,5223,"South America",23793027,,
2016,5300,"Asia",459280421,,
2016,5330,"Eastern Asia",289229732,,
2016,5350,"South-eastern Asia",95110131,,
2016,5320,"Southern Asia",27382091,,
2016,5340,"Western Asia",47558467,,
2016,5400,"Europe",104781028,,
2016,5410,"Eastern Europe",7324215,,
2016,5420,"Northern Europe",16863095,,
2016,5430,"Southern Europe",37301231,,
2016,5440,"Western Europe",43292487,,
2016,5500,"Oceania",11424116,,
2016,5600,"Asia and Oceania",470704537,,
2016,5702,"Northern America and Europe",158659577,,
2016,5706,"Europe, Northern America, Australia and New Zealand",169482770,,
2016,5703,"Central and Southern Asia",27382091,,
2016,5704,"Eastern and South-Eastern Asia",384339863,,
2016,5705,"Western Asia and Northern Africa",59931045,,
2016,1400,"Developing economies",481571974,,
2016,1410,"Developing economies: Africa",26756465,,
2016,1420,"Developing economies: Americas",45268659,,
2016,1460,"Developing economies: Asia and Oceania",409546850,,
2016,1430,"Developing economies: Asia",408945927,,
2016,1450,"Developing economies: Oceania",600923,,
2016,1500,"Developed economies",219817264,,
2016,1520,"Developed economies: Americas",53878549,,
2016,1560,"Developed economies: Asia and Oceania",61157687,,
2016,1530,"Developed economies: Asia",50334494,,
2016,1550,"Developed economies: Oceania",10823193,,
2016,1540,"Developed economies: Europe",104781028,,
2016,1600,"Developing economies excluding China",274411042,,
2016,1601,"Developing economies excluding LDCs",472831517,,
2016,1610,"LDCs (Least developed countries)",8740457,,
2016,1612,"LDCs: Asia",4082564,,
2016,1614,"LDCs: Africa",4657893,,
2016,1640,"SIDS (Small island developing States) (UN-OHRLLS)",38129189,,
2016,1641,"SIDS: Atlantic and Indian Ocean",875228,,
2016,1642,"SIDS: Caribbean",5749438,,
2016,1643,"SIDS: Pacific",31504523,,
2016,2623,"Low-income developing economies",7210986,,
2016,2622,"Middle-income developing economies",80522911,,
2016,2621,"High-income developing economies",393573898,,
2016,2711,"BRICS",237737168,,
2016,3412,"European Union (2020 …)",89109350,,
2016,3916,"G20 (Group of Twenty)",480279606,,
2016,3919,"G-77 (Group of 77)",431775045,,
2016,3905,"OECD (Organisation for Economic Cooperation and Development)",234121878,,
2017,0001,"Individual economies",,,"Not applicable"
2017,008,"Albania",118270,,
2017,012,"Algeria",1725238,"Revised more than 20% in relation to the version published on 18 March 2022.",
2017,016,"American Samoa",92270,,
2017,024,"Angola",570200,,
2017,028,"Antigua and Barbuda",17311,,
2017,032,"Argentina",1809153,,
2017,533,"Aruba",31689,,
2017,036,"Australia",7983661,,
2017,044,"Bahamas",920652,,
2017,048,"Bahrain",400307,,
2017,050,"Bangladesh",2583549,,
2017,052,"Barbados",107098,,
2017,056,"Belgium",10783850,,
2017,084,"Belize",44381,,
2017,076,"Brazil",9380502,,
2017,096,"Brunei Darussalam",104747,,
2017,100,"Bulgaria",228545,,
2017,132,"Cabo Verde",74554,,
2017,116,"Cambodia",459835,"Revised more than 20% in relation to the version published on 18 March 2022.",
2017,120,"Cameroon",386367,,
2017,124,"Canada",6377236,,
2017,136,"Cayman Islands",61940,,
2017,152,"Chile",4407502,,
2017,156,"China",224117874,,
2017,344,"China, Hong Kong SAR",20760000,,
2017,158,"China, Taiwan Province of",14911753,,
2017,170,"Colombia",3877937,,
2017,178,"Congo",650000,,
2017,180,"Congo, Dem. Rep. of the",52066,,
2017,188,"Costa Rica",1489326,,
2017,384,"Côte d'Ivoire",907646,,
2017,191,"Croatia",288235,"Revised more than 20% in relation to the version published on 18 March 2022.",
2017,192,"Cuba",332240,,
2017,531,"Curaçao",93921,,
2017,196,"Cyprus",345016,,
2017,208,"Denmark",820654,,
2017,262,"Djibouti",928000,,
2017,214,"Dominican Republic",1770295,,
2017,218,"Ecuador",1990210,,
2017,818,"Egypt",5696155,,
2017,222,"El Salvador",209903,,
2017,233,"Estonia",229905,,
2017,246,"Finland",1630089,,
2017,251,"France",5723496,,
2017,250,"France, metropolitan",4964947,,
2017,254,"French Guiana",57029,,
2017,312,"Guadeloupe",209633,,
2017,474,"Martinique",160587,,
2017,638,"Réunion",331300,,
2017,266,"Gabon",156000,,
2017,268,"Georgia",,,"Not publishable"
2017,276,"Germany",15169595,"Revised more than 20% in relation to the version published on 18 March 2022.",
2017,288,"Ghana",1009755,,
2017,300,"Greece",4602861,,
2017,308,"Grenada",21914,,
2017,316,"Guam",198681,,
2017,320,"Guatemala",1389751,,
2017,324,"Guinea",203373,,
2017,340,"Honduras",797293,,
2017,352,"Iceland",350348,,
2017,356,"India",15450523,,
2017,360,"Indonesia",11600194,,
2017,364,"Iran (Islamic Republic of)",3091066,,
2017,372,"Ireland",958488,,
2017,376,"Israel",2868000,,
2017,380,"Italy",10666550,,
2017,388,"Jamaica",1560000,,
2017,392,"Japan",22795035,,
2017,400,"Jordan",796087,,
2017,404,"Kenya",1190000,,
2017,410,"Korea, Republic of",27420698,,
2017,428,"Latvia",449712,,
2017,422,"Lebanon",1305038,,
2017,440,"Lithuania",472000,,
2017,458,"Malaysia",23719787,,
2017,470,"Malta",3154474,,
2017,480,"Mauritius",,,"Not publishable"
2017,484,"Mexico",6375338,,
2017,504,"Morocco",4509580,,
2017,508,"Mozambique",,,"Not publishable"
2017,104,"Myanmar",1200000,,
2017,516,"Namibia",203071,,
2017,528,"Netherlands (Kingdom of the)",13992474,,
2017,530,"Netherlands Antilles",,,"Not applicable"
2017,540,"New Caledonia",113000,,
2017,554,"New Zealand",3198925,,
2017,558,"Nicaragua",190756,,
2017,566,"Nigeria",1408000,,
2017,579,"Norway",764093,,
2017,512,"Oman",4785012,,
2017,586,"Pakistan",3284000,,
2017,591,"Panama",6899254,,
2017,598,"Papua New Guinea",177122,,
2017,604,"Peru",2539720,,
2017,608,"Philippines",8097741,,
2017,616,"Poland",2384782,,
2017,620,"Portugal",3156657,,
2017,634,"Qatar",787280,,
2017,642,"Romania",696438,,
2017,643,"Russian Federation",4107713,,
2017,662,"Saint Lucia",29706,,
2017,670,"Saint Vincent and the Grenadines",17502,,
2017,882,"Samoa",34950,,
2017,682,"Saudi Arabia",8082329,,
2017,686,"Senegal",570500,,
2017,694,"Sierra Leone",89100,,
2017,702,"Singapore",33666600,,
2017,534,"Sint Maarten (Dutch part)",98101,,
2017,705,"Slovenia",911528,,
2017,710,"South Africa",4563618,,
2017,724,"Spain",15929902,,
2017,144,"Sri Lanka",6200000,,
2017,729,"Sudan",487336,,
2017,736,"Sudan (...2011)",,,"Not applicable"
2017,740,"Suriname",112318,,
2017,752,"Sweden",1557281,,
2017,760,"Syrian Arab Republic",291958,,
2017,834,"Tanzania, United Republic of",617266,"Revised more than 20% in relation to the version published on 18 March 2022.",
2017,764,"Thailand",9938881,,
2017,768,"Togo",1193841,,
2017,780,"Trinidad and Tobago",414657,,
2017,788,"Tunisia",480619,,
2017,792,"Türkiye",10001342,,
2017,804,"Ukraine",723575,,
2017,784,"United Arab Emirates",19089706,,
2017,926,"United Kingdom",10239966,,
2017,826,"United Kingdom excl. Channel Islands and Isle of Man",10239966,,
2017,842,"United States of America",51522489,,
2017,630,"Puerto Rico",1319572,,
2017,840,"United States of America excluding Puerto Rico and United States Virgin Islands",50202917,,
2017,858,"Uruguay",939427,,
2017,862,"Venezuela (Bolivarian Rep. of)",354540,"Revised more than 20% in relation to the version published on 18 March 2022.",
2017,704,"Viet Nam",12382524,"Revised more than 20% in relation to the version published on 18 March 2022.",
2017,887,"Yemen",334693,"Revised more than 20% in relation to the version published on 18 March 2022.",
2017,0000,"World",747743243,,
2017,5100,"Africa",28448599,,
2017,5110,"Northern Africa",12898928,,
2017,5120,"Sub-Saharan Africa",15549671,,
2017,5121,"Eastern Africa",3511580,,
2017,5122,"Middle Africa",1814633,,
2017,5123,"Southern Africa",4766689,,
2017,5124,"Western Africa",5456769,,
2017,5200,"Americas",106241725,,
2017,5210,"Northern America",57899725,,
2017,5220,"Latin America and the Caribbean",48342000,,
2017,5221,"Caribbean",5477026,,
2017,5222,"Central America",17396002,,
2017,5223,"South America",25468972,,
2017,5300,"Asia",490797814,,
2017,5330,"Eastern Asia",310005360,,
2017,5350,"South-eastern Asia",101170309,,
2017,5320,"Southern Asia",30609138,,
2017,5340,"Western Asia",49013007,,
2017,5400,"Europe",110456497,,
2017,5410,"Eastern Europe",8141053,,
2017,5420,"Northern Europe",17472536,,
2017,5430,"Southern Europe",39173493,,
2017,5440,"Western Europe",45669415,,
2017,5500,"Oceania",11798609,,
2017,5600,"Asia and Oceania",502596423,,
2017,5702,"Northern America and Europe",168356222,,
2017,5706,"Europe, Northern America, Australia and New Zealand",179538808,,
2017,5703,"Central and Southern Asia",30609138,,
2017,5704,"Eastern and South-Eastern Asia",411175669,,
2017,5705,"Western Asia and Northern Africa",61911935,,
2017,1400,"Developing economies",515120703,,
2017,1410,"Developing economies: Africa",28448599,,
2017,1420,"Developing economies: Americas",48342000,,
2017,1460,"Developing economies: Asia and Oceania",438330104,,
2017,1430,"Developing economies: Asia",437714081,,
2017,1450,"Developing economies: Oceania",616023,,
2017,1500,"Developed economies",232622541,,
2017,1520,"Developed economies: Americas",57899725,,
2017,1560,"Developed economies: Asia and Oceania",64266319,,
2017,1530,"Developed economies: Asia",53083733,,
2017,1550,"Developed economies: Oceania",11182586,,
2017,1540,"Developed economies: Europe",110456497,,
2017,1600,"Developing economies excluding China",291002829,,
2017,1601,"Developing economies excluding LDCs",505443144,,
2017,1610,"LDCs (Least developed countries)",9677559,,
2017,1612,"LDCs: Asia",4578077,,
2017,1614,"LDCs: Africa",5099482,,
2017,1640,"SIDS (Small island developing States) (UN-OHRLLS)",40837386,,
2017,1641,"SIDS: Atlantic and Indian Ocean",863375,,
2017,1642,"SIDS: Caribbean",5691388,,
2017,1643,"SIDS: Pacific",34282623,,
2017,2623,"Low-income developing economies",8141433,,
2017,2622,"Middle-income developing economies",87473707,,
2017,2621,"High-income developing economies",419214612,,
2017,2711,"BRICS",257620230,,
2017,3412,"European Union (2020 …)",94152532,,
2017,3916,"G20 (Group of Twenty)",515980203,,
2017,3919,"G-77 (Group of 77)",462111413,,
2017,3905,"OECD (Organisation for Economic Cooperation and Development)",249111720,,
2018,0001,"Individual economies",,,"Not applicable"
2018,008,"Albania",134526,,
2018,012,"Algeria",1844422,"Revised more than 20% in relation to the version published on 18 March 2022.",
2018,016,"American Samoa",90245,,
2018,024,"Angola",774225,,
2018,028,"Antigua and Barbuda",28826,,
2018,032,"Argentina",2184625,,
2018,533,"Aruba",58500,,
2018,036,"Australia",8660067,,
2018,044,"Bahamas",1182836,,
2018,048,"Bahrain",432207,,
2018,050,"Bangladesh",2946955,,
2018,052,"Barbados",100952,,
2018,056,"Belgium",11503695,,
2018,084,"Belize",47729,,
2018,076,"Brazil",10061925,,
2018,096,"Brunei Darussalam",113125,,
2018,100,"Bulgaria",241716,,
2018,132,"Cabo Verde",84041,,
2018,116,"Cambodia",541228,"Revised more than 20% in relation to the version published on 18 March 2022.",
2018,120,"Cameroon",387000,,
2018,124,"Canada",6763247,,
2018,136,"Cayman Islands",,,"Not publishable"
2018,152,"Chile",4661306,,
2018,156,"China",234618700,,
2018,344,"China, Hong Kong SAR",19641000,,
2018,158,"China, Taiwan Province of",15321716,,
2018,170,"Colombia",4181330,,
2018,178,"Congo",739000,"Revised more than 20% in relation to the version published on 18 March 2022.",
2018,180,"Congo, Dem. Rep. of the",55599,,
2018,188,"Costa Rica",1492791,,
2018,384,"Côte d'Ivoire",924596,,
2018,191,"Croatia",302126,,
2018,192,"Cuba",349722,,
2018,531,"Curaçao",96738,,
2018,196,"Cyprus",416502,,
2018,208,"Denmark",833830,,
2018,262,"Djibouti",859000,,
2018,214,"Dominican Republic",1906487,,
2018,218,"Ecuador",2212486,,
2018,818,"Egypt",5950632,,
2018,222,"El Salvador",230989,,
2018,233,"Estonia",239576,,
2018,246,"Finland",1594271,,
2018,251,"France",5848379,,
2018,250,"France, metropolitan",5051326,,
2018,254,"French Guiana",64817,,
2018,312,"Guadeloupe",223789,,
2018,474,"Martinique",172201,,
2018,638,"Réunion",336246,,
2018,266,"Gabon",156000,,
2018,268,"Georgia",348240,"Revised more than 20% in relation to the version published on 18 March 2022.",
2018,276,"Germany",15094593,"Revised more than 20% in relation to the version published on 18 March 2022.",
2018,288,"Ghana",1056785,,
2018,300,"Greece",5398220,,
2018,308,"Grenada",23887,,
2018,316,"Guam",181846,,
2018,320,"Guatemala",1530596,,
2018,324,"Guinea",237366,,
2018,340,"Honduras",813164,,
2018,352,"Iceland",352300,,
2018,356,"India",16996593,,
2018,360,"Indonesia",12028360,,
2018,364,"Iran (Islamic Republic of)",2368914,,
2018,372,"Ireland",1000560,,
2018,376,"Israel",2946000,,
2018,380,"Italy",10620925,,
2018,388,"Jamaica",1833053,,
2018,392,"Japan",23424446,,
2018,400,"Jordan",815354,,
2018,404,"Kenya",1306283,,
2018,410,"Korea, Republic of",28874930,,
2018,428,"Latvia",474393,,
2018,422,"Lebanon",1305755,,
2018,440,"Lithuania",749066,,
2018,458,"Malaysia",24955994,,
2018,470,"Malta",3314087,,
2018,480,"Mauritius",,,"Not publishable"
2018,484,"Mexico",6983149,,
2018,504,"Morocco",4715747,,
2018,508,"Mozambique",372218,"Estimated",
2018,104,"Myanmar",1043500,,
2018,516,"Namibia",176335,,
2018,528,"Netherlands (Kingdom of the)",14802257,,
2018,530,"Netherlands Antilles",,,"Not applicable"
2018,540,"New Caledonia",110750,,
2018,554,"New Zealand",3382305,,
2018,558,"Nicaragua",174403,,
2018,566,"Nigeria",1560000,,
2018,579,"Norway",802364,,
2018,512,"Oman",4210679,,
2018,586,"Pakistan",3249000,,
2018,591,"Panama",6872369,,
2018,598,"Papua New Guinea",170053,,
2018,604,"Peru",2667974,,
2018,608,"Philippines",8701441,,
2018,616,"Poland",2834296,,
2018,620,"Portugal",3172062,,
2018,634,"Qatar",1342750,,
2018,642,"Romania",668016,,
2018,643,"Russian Federation",4726742,,
2018,662,"Saint Lucia",33657,,
2018,670,"Saint Vincent and the Grenadines",18107,,
2018,882,"Samoa",37091,,
2018,682,"Saudi Arabia",8683456,,
2018,686,"Senegal",674000,,
2018,694,"Sierra Leone",83621,,
2018,702,"Singapore",36599200,,
2018,534,"Sint Maarten (Dutch part)",101100,,
2018,705,"Slovenia",988499,,
2018,710,"South Africa",4892423,,
2018,724,"Spain",17165709,,
2018,144,"Sri Lanka",7000000,,
2018,729,"Sudan",451712,,
2018,736,"Sudan (...2011)",,,"Not applicable"
2018,740,"Suriname",110000,,
2018,752,"Sweden",1600175,,
2018,760,"Syrian Arab Republic",332532,,
2018,834,"Tanzania, United Republic of",705231,,
2018,764,"Thailand",10371645,,
2018,768,"Togo",1395730,,
2018,780,"Trinidad and Tobago",438702,"Revised more than 20% in relation to the version published on 18 March 2022.",
2018,788,"Tunisia",493366,,
2018,792,"Türkiye",10801305,,
2018,804,"Ukraine",845152,"Revised more than 20% in relation to the version published on 18 March 2022.",
2018,784,"United Arab Emirates",18433133,,
2018,926,"United Kingdom",10315574,,
2018,826,"United Kingdom excl. Channel Islands and Isle of Man",10315574,,
2018,842,"United States of America",54486468,,
2018,630,"Puerto Rico",1447616,,
2018,840,"United States of America excluding Puerto Rico and United States Virgin Islands",53038852,,
2018,858,"Uruguay",797874,,
2018,862,"Venezuela (Bolivarian Rep. of)",592374,,
2018,704,"Viet Nam",13394390,"Revised more than 20% in relation to the version published on 18 March 2022.",
2018,887,"Yemen",398999,"Revised more than 20% in relation to the version published on 18 March 2022.",
2018,0000,"World",784331710,,
2018,5100,"Africa",30283846,,
2018,5110,"Northern Africa",13455879,,
2018,5120,"Sub-Saharan Africa",16827967,,
2018,5121,"Eastern Africa",3631246,,
2018,5122,"Middle Africa",2111824,,
2018,5123,"Southern Africa",5068758,,
2018,5124,"Western Africa",6016139,,
2018,5200,"Americas",113134348,,
2018,5210,"Northern America",61249715,,
2018,5220,"Latin America and the Caribbean",51884633,,
2018,5221,"Caribbean",6211339,,
2018,5222,"Central America",18145190,,
2018,5223,"South America",27528104,,
2018,5300,"Asia",512241547,,
2018,5330,"Eastern Asia",321880792,,
2018,5350,"South-eastern Asia",107748883,,
2018,5320,"Southern Asia",32561462,,
2018,5340,"Western Asia",50050410,,
2018,5400,"Europe",116039611,,
2018,5410,"Eastern Europe",9315922,,
2018,5420,"Northern Europe",17962109,,
2018,5430,"Southern Europe",41512656,,
2018,5440,"Western Europe",47248924,,
2018,5500,"Oceania",12632357,,
2018,5600,"Asia and Oceania",524873904,,
2018,5702,"Northern America and Europe",177289326,,
2018,5706,"Europe, Northern America, Australia and New Zealand",189331698,,
2018,5703,"Central and Southern Asia",32561462,,
2018,5704,"Eastern and South-Eastern Asia",429629675,,
2018,5705,"Western Asia and Northern Africa",63506289,,
2018,1400,"Developing economies",539754635,,
2018,1410,"Developing economies: Africa",30283846,,
2018,1420,"Developing economies: Americas",51884633,,
2018,1460,"Developing economies: Asia and Oceania",457586156,,
2018,1430,"Developing economies: Asia",456996171,,
2018,1450,"Developing economies: Oceania",589985,,
2018,1500,"Developed economies",244577074,,
2018,1520,"Developed economies: Americas",61249715,,
2018,1560,"Developed economies: Asia and Oceania",67287748,,
2018,1530,"Developed economies: Asia",55245376,,
2018,1550,"Developed economies: Oceania",12042372,,
2018,1540,"Developed economies: Europe",116039611,,
2018,1600,"Developing economies excluding China",305135935,,
2018,1601,"Developing economies excluding LDCs",529215251,,
2018,1610,"LDCs (Least developed countries)",10539384,,
2018,1612,"LDCs: Asia",4930682,,
2018,1614,"LDCs: Africa",5608702,,
2018,1640,"SIDS (Small island developing States) (UN-OHRLLS)",44521225,,
2018,1641,"SIDS: Atlantic and Indian Ocean",904762,,
2018,1642,"SIDS: Caribbean",6427278,,
2018,1643,"SIDS: Pacific",37189185,,
2018,2623,"Low-income developing economies",8325508,,
2018,2622,"Middle-income developing economies",94639868,,
2018,2621,"High-income developing economies",436517168,,
2018,2711,"BRICS",271296383,,
2018,3412,"European Union (2020 …)",98862953,,
2018,3916,"G20 (Group of Twenty)",543364963,,
2018,3919,"G-77 (Group of 77)",485981274,,
2018,3905,"OECD (Organisation for Economic Cooperation and Development)",262048088,,
2019,0001,"Individual economies",,,"Not applicable"
2019,008,"Albania",145762,,
2019,012,"Algeria",1793990,"Revised more than 20% in relation to the version published on 18 March 2022.",
2019,016,"American Samoa",76200,,
2019,024,"Angola",672212,,
2019,028,"Antigua and Barbuda",27657,,
2019,032,"Argentina",1833964,,
2019,533,"Aruba",63870,,
2019,036,"Australia",8775819,,
2019,044,"Bahamas",1555798,,
2019,048,"Bahrain",418933,,
2019,050,"Bangladesh",3145919,,
2019,052,"Barbados",98435,,
2019,056,"Belgium",12389876,,
2019,084,"Belize",20259,,
2019,076,"Brazil",10704669,,
2019,096,"Brunei Darussalam",117901,,
2019,100,"Bulgaria",261934,,
2019,132,"Cabo Verde",91683,,
2019,116,"Cambodia",633236,,
2019,120,"Cameroon",370685,,
2019,124,"Canada",7000133,,
2019,136,"Cayman Islands",,,"Not publishable"
2019,152,"Chile",4647086,,
2019,156,"China",243560000,,
2019,344,"China, Hong Kong SAR",18360000,,
2019,158,"China, Taiwan Province of",15298285,,
2019,170,"Colombia",4316862,,
2019,178,"Congo",921000,"Revised more than 20% in relation to the version published on 18 March 2022.",
2019,180,"Congo, Dem. Rep. of the",42211,,
2019,188,"Costa Rica",1300785,,
2019,384,"Côte d'Ivoire",994646,,
2019,191,"Croatia",348435,,
2019,192,"Cuba",322000,,
2019,531,"Curaçao",,,"Not publishable"
2019,196,"Cyprus",389962,,
2019,208,"Denmark",880039,,
2019,262,"Djibouti",917000,,
2019,214,"Dominican Republic",1894225,,
2019,218,"Ecuador",2194042,,
2019,818,"Egypt",6699036,,
2019,222,"El Salvador",249472,,
2019,233,"Estonia",241338,,
2019,246,"Finland",1628170,,
2019,251,"France",5899899,,
2019,250,"France, metropolitan",4992918,,
2019,254,"French Guiana",59774,,
2019,312,"Guadeloupe",206959,,
2019,474,"Martinique",265400,,
2019,638,"Réunion",374848,,
2019,266,"Gabon",192998,,
2019,268,"Georgia",601491,"Revised more than 20% in relation to the version published on 18 March 2022.",
2019,276,"Germany",15029605,"Revised more than 20% in relation to the version published on 18 March 2022.",
2019,288,"Ghana",1079247,,
2019,300,"Greece",6153567,,
2019,308,"Grenada",12343,,
2019,316,"Guam",,,"Not publishable"
2019,320,"Guatemala",1529010,,
2019,324,"Guinea",248659,,
2019,340,"Honduras",790707,,
2019,352,"Iceland",330292,,
2019,356,"India",17487621,,
2019,360,"Indonesia",12111471,,
2019,364,"Iran (Islamic Republic of)",1503495,"Revised more than 20% in relation to the version published on 18 March 2022.",
2019,372,"Ireland",1063489,,
2019,376,"Israel",2917000,,
2019,380,"Italy",10789337,,
2019,388,"Jamaica",1647609,,
2019,392,"Japan",23276482,,
2019,400,"Jordan",798160,,
2019,404,"Kenya",1417000,,
2019,410,"Korea, Republic of",28959959,,
2019,428,"Latvia",449850,,
2019,422,"Lebanon",1229081,,
2019,440,"Lithuania",703000,,
2019,458,"Malaysia",26215322,,
2019,470,"Malta",2712853,,
2019,480,"Mauritius",469011,,
2019,484,"Mexico",7113878,,
2019,504,"Morocco",6068803,,
2019,508,"Mozambique",411938,"Estimated",
2019,104,"Myanmar",1121750,,
2019,516,"Namibia",144109,"Revised more than 20% in relation to the version published on 18 March 2022.",
2019,528,"Netherlands (Kingdom of the)",15198050,,
2019,530,"Netherlands Antilles",,,"Not applicable"
2019,540,"New Caledonia",111875,,
2019,554,"New Zealand",3430977,,
2019,558,"Nicaragua",175370,,
2019,566,"Nigeria",1627142,,
2019,579,"Norway",837457,,
2019,512,"Oman",4890471,,
2019,586,"Pakistan",3150000,,
2019,591,"Panama",7346859,,
2019,598,"Papua New Guinea",,,"Not publishable"
2019,604,"Peru",2677239,,
2019,608,"Philippines",9171944,,
2019,616,"Poland",3046483,,
2019,620,"Portugal",2904086,,
2019,634,"Qatar",1340000,,
2019,642,"Romania",666036,,
2019,643,"Russian Federation",4966817,,
2019,662,"Saint Lucia",39238,,
2019,670,"Saint Vincent and the Grenadines",18222,,
2019,882,"Samoa",42102,,
2019,682,"Saudi Arabia",8905621,,
2019,686,"Senegal",695698,,
2019,694,"Sierra Leone",78413,,
2019,702,"Singapore",37195000,,
2019,534,"Sint Maarten (Dutch part)",105200,,
2019,705,"Slovenia",959000,,
2019,710,"South Africa",4529034,,
2019,724,"Spain",17464920,,
2019,144,"Sri Lanka",7230000,,
2019,729,"Sudan",469526,,
2019,736,"Sudan (...2011)",,,"Not applicable"
2019,740,"Suriname",109200,,
2019,752,"Sweden",1623363,,
2019,760,"Syrian Arab Republic",325097,,
2019,834,"Tanzania, United Republic of",726431,"Revised more than 20% in relation to the version published on 18 March 2022.",
2019,764,"Thailand",10130294,,
2019,768,"Togo",1500611,,
2019,780,"Trinidad and Tobago",446232,,
2019,788,"Tunisia",474222,,
2019,792,"Türkiye",11591414,,
2019,804,"Ukraine",1007273,,
2019,784,"United Arab Emirates",18802000,,
2019,926,"United Kingdom",10508000,,
2019,826,"United Kingdom excl. Channel Islands and Isle of Man",10508000,,
2019,842,"United States of America",55712071,,
2019,630,"Puerto Rico",1451950,,
2019,840,"United States of America excluding Puerto Rico and United States Virgin Islands",54260121,,
2019,858,"Uruguay",749562,,
2019,862,"Venezuela (Bolivarian Rep. of)",179529,,
2019,704,"Viet Nam",15297028,"Revised more than 20% in relation to the version published on 18 March 2022.",
2019,887,"Yemen",464923,,
2019,0000,"World",805334972,,
2019,5100,"Africa",32635305,,
2019,5110,"Northern Africa",15505577,,
2019,5120,"Sub-Saharan Africa",17129728,,
2019,5121,"Eastern Africa",3941380,,
2019,5122,"Middle Africa",2199106,,
2019,5123,"Southern Africa",4673143,,
2019,5124,"Western Africa",6316099,,
2019,5200,"Americas",115062004,,
2019,5210,"Northern America",62712204,,
2019,5220,"Latin America and the Caribbean",52349800,,
2019,5221,"Caribbean",6352764,,
2019,5222,"Central America",18526340,,
2019,5223,"South America",27470696,,
2019,5300,"Asia",526249898,,
2019,5330,"Eastern Asia",329454726,,
2019,5350,"South-eastern Asia",111993946,,
2019,5320,"Southern Asia",32517035,,
2019,5340,"Western Asia",52284191,,
2019,5400,"Europe",118598893,,
2019,5410,"Eastern Europe",9948543,,
2019,5420,"Northern Europe",18264998,,
2019,5430,"Southern Europe",41867922,,
2019,5440,"Western Europe",48517430,,
2019,5500,"Oceania",12788872,,
2019,5600,"Asia and Oceania",539038770,,
2019,5702,"Northern America and Europe",181311097,,
2019,5706,"Europe, Northern America, Australia and New Zealand",193517893,,
2019,5703,"Central and Southern Asia",32517035,,
2019,5704,"Eastern and South-Eastern Asia",441448672,,
2019,5705,"Western Asia and Northern Africa",67789768,,
2019,1400,"Developing economies",556663638,,
2019,1410,"Developing economies: Africa",32635305,,
2019,1420,"Developing economies: Americas",52349800,,
2019,1460,"Developing economies: Asia and Oceania",471678533,,
2019,1430,"Developing economies: Asia",471096457,,
2019,1450,"Developing economies: Oceania",582076,,
2019,1500,"Developed economies",248671334,,
2019,1520,"Developed economies: Americas",62712204,,
2019,1560,"Developed economies: Asia and Oceania",67360237,,
2019,1530,"Developed economies: Asia",55153441,,
2019,1550,"Developed economies: Oceania",12206796,,
2019,1540,"Developed economies: Europe",118598893,,
2019,1600,"Developing economies excluding China",313103638,,
2019,1601,"Developing economies excluding LDCs",545535111,,
2019,1610,"LDCs (Least developed countries)",11128527,,
2019,1612,"LDCs: Asia",5365828,,
2019,1614,"LDCs: Africa",5762699,,
2019,1640,"SIDS (Small island developing States) (UN-OHRLLS)",45297469,,
2019,1641,"SIDS: Atlantic and Indian Ocean",979627,,
2019,1642,"SIDS: Caribbean",6540766,,
2019,1643,"SIDS: Pacific",37777076,,
2019,2623,"Low-income developing economies",8539559,,
2019,2622,"Middle-income developing economies",99776488,,
2019,2621,"High-income developing economies",448089545,,
2019,2711,"BRICS",281248141,,
2019,3412,"European Union (2020 …)",100803292,,
2019,3916,"G20 (Group of Twenty)",557840245,,
2019,3919,"G-77 (Group of 77)",503037644,,
2019,3905,"OECD (Organisation for Economic Cooperation and Development)",267142287,,
2020,0001,"Individual economies",,,"Not applicable"
2020,008,"Albania",,,"Not publishable"
2020,012,"Algeria",1553362,"Revised more than 20% in relation to the version published on 18 March 2022.",
2020,016,"American Samoa",,,"Not publishable"
2020,024,"Angola",700000,,
2020,028,"Antigua and Barbuda",,,"Not publishable"
2020,032,"Argentina",1705390,,
2020,533,"Aruba",53171,,
2020,036,"Australia",8467246,,
2020,044,"Bahamas",1450000,,
2020,048,"Bahrain",464010,,
2020,050,"Bangladesh",2897709,,
2020,052,"Barbados",89460,,
2020,056,"Belgium",12697162,,
2020,084,"Belize",,,"Not publishable"
2020,076,"Brazil",10450632,,
2020,096,"Brunei Darussalam",106174,,
2020,100,"Bulgaria",254571,,
2020,132,"Cabo Verde",76139,,
2020,116,"Cambodia",600107,"Revised more than 20% in relation to the version published on 18 March 2022.",
2020,120,"Cameroon",366667,,
2020,124,"Canada",6298023,,
2020,136,"Cayman Islands",,,"Not publishable"
2020,152,"Chile",4217191,,
2020,156,"China",246040000,,
2020,344,"China, Hong Kong SAR",17953000,,
2020,158,"China, Taiwan Province of",14593553,,
2020,170,"Colombia",4272689,,
2020,178,"Congo",930000,"Revised more than 20% in relation to the version published on 18 March 2022.",
2020,180,"Congo, Dem. Rep. of the",,,"Not publishable"
2020,188,"Costa Rica",1509599,,
2020,384,"Côte d'Ivoire",988459,,
2020,191,"Croatia",376981,,
2020,192,"Cuba",,,"Not publishable"
2020,531,"Curaçao",89305,,
2020,196,"Cyprus",390504,,
2020,208,"Denmark",933295,,
2020,262,"Djibouti",860000,,
2020,214,"Dominican Republic",1781902,,
2020,218,"Ecuador",2517104,,
2020,818,"Egypt",6810285,,
2020,222,"El Salvador",228334,,
2020,233,"Estonia",213928,,
2020,246,"Finland",1496192,,
2020,251,"France",5247199,,
2020,250,"France, metropolitan",4435697,,
2020,254,"French Guiana",,,"Not publishable"
2020,312,"Guadeloupe",220233,,
2020,474,"Martinique",164495,,
2020,638,"Réunion",367000,,
2020,266,"Gabon",180000,,
2020,268,"Georgia",553302,"Revised more than 20% in relation to the version published on 18 March 2022.",
2020,276,"Germany",13950977,"Revised more than 20% in relation to the version published on 18 March 2022.",
2020,288,"Ghana",1324504,"Revised more than 20% in relation to the version published on 18 March 2022.",
2020,300,"Greece",6183643,,
2020,308,"Grenada",,,"Not publishable"
2020,316,"Guam",84954,,
2020,320,"Guatemala",1577456,,
2020,324,"Guinea",250000,,
2020,340,"Honduras",700066,,
2020,352,"Iceland",297263,,
2020,356,"India",17576860,,
2020,360,"Indonesia",11169757,"Revised more than 20% in relation to the version published on 18 March 2022.",
2020,364,"Iran (Islamic Republic of)",1253429,"Revised more than 20% in relation to the version published on 18 March 2022.",
2020,372,"Ireland",1058888,,
2020,376,"Israel",2994000,,
2020,380,"Italy",10696962,,
2020,388,"Jamaica",1631011,,
2020,392,"Japan",21556531,,
2020,400,"Jordan",857283,,
2020,404,"Kenya",1359579,,
2020,410,"Korea, Republic of",28834192,,
2020,428,"Latvia",457342,,
2020,422,"Lebanon",772871,,
2020,440,"Lithuania",639006,,
2020,458,"Malaysia",26669483,,
2020,470,"Malta",2441699,,
2020,480,"Mauritius",438078,,
2020,484,"Mexico",6487264,,
2020,504,"Morocco",7000928,,
2020,508,"Mozambique",417459,"Estimated",
2020,104,"Myanmar",1020793,,
2020,516,"Namibia",142957,,
2020,528,"Netherlands (Kingdom of the)",14757227,,
2020,530,"Netherlands Antilles",,,"Not applicable"
2020,540,"New Caledonia",,,"Not publishable"
2020,554,"New Zealand",3445621,,
2020,558,"Nicaragua",172798,,
2020,566,"Nigeria",1548622,,
2020,579,"Norway",835398,,
2020,512,"Oman",5141830,,
2020,586,"Pakistan",3161000,,
2020,591,"Panama",7772432,,
2020,598,"Papua New Guinea",204518,,
2020,604,"Peru",2653101,,
2020,608,"Philippines",7865103,,
2020,616,"Poland",2915937,,
2020,620,"Portugal",2981941,,
2020,634,"Qatar",1412700,,
2020,642,"Romania",643025,,
2020,643,"Russian Federation",4921313,,
2020,662,"Saint Lucia",,,"Not publishable"
2020,670,"Saint Vincent and the Grenadines",18222,,
2020,882,"Samoa",41200,,
2020,682,"Saudi Arabia",9330437,,
2020,686,"Senegal",696899,,
2020,694,"Sierra Leone",,,"Not publishable"
2020,702,"Singapore",36870900,,
2020,534,"Sint Maarten (Dutch part)",,,"Not publishable"
2020,705,"Slovenia",945007,,
2020,710,"South Africa",4075618,,
2020,724,"Spain",16745930,,
2020,144,"Sri Lanka",6850000,,
2020,729,"Sudan",,,"Not publishable"
2020,736,"Sudan (...2011)",,,"Not applicable"
2020,740,"Suriname",,,"Not publishable"
2020,752,"Sweden",1612953,,
2020,760,"Syrian Arab Republic",243348,,
2020,834,"Tanzania, United Republic of",709881,"Revised more than 20% in relation to the version published on 18 March 2022.",
2020,764,"Thailand",9568488,,
2020,768,"Togo",1725270,,
2020,780,"Trinidad and Tobago",406778,,
2020,788,"Tunisia",483178,,
2020,792,"Türkiye",11626578,,
2020,804,"Ukraine",1048691,,
2020,784,"United Arab Emirates",18721000,,
2020,926,"United Kingdom",9273459,,
2020,826,"United Kingdom excl. Channel Islands and Isle of Man",9273459,,
2020,842,"United States of America",54422008,,
2020,630,"Puerto Rico",1490218,,
2020,840,"United States of America excluding Puerto Rico and United States Virgin Islands",52931790,,
2020,858,"Uruguay",764797,,
2020,862,"Venezuela (Bolivarian Rep. of)",,,"Not publishable"
2020,704,"Viet Nam",16394723,"Revised more than 20% in relation to the version published on 18 March 2022.",
2020,887,"Yemen",423393,,
2020,0000,"World",795534166,,
2020,5100,"Africa",33228035,,
2020,5110,"Northern Africa",16317279,,
2020,5120,"Sub-Saharan Africa",16910756,,
2020,5121,"Eastern Africa",3784997,,
2020,5122,"Middle Africa",2218878,,
2020,5123,"Southern Africa",4218575,,
2020,5124,"Western Africa",6688306,,
2020,5200,"Americas",112189708,,
2020,5210,"Northern America",60720031,,
2020,5220,"Latin America and the Caribbean",51469677,,
2020,5221,"Caribbean",6067595,,
2020,5222,"Central America",18468208,,
2020,5223,"South America",26933874,,
2020,5300,"Asia",523522554,,
2020,5330,"Eastern Asia",328977276,,
2020,5350,"South-eastern Asia",110265528,,
2020,5320,"Southern Asia",31738998,,
2020,5340,"Western Asia",52540752,,
2020,5400,"Europe",114162255,,
2020,5410,"Eastern Europe",9783537,,
2020,5420,"Northern Europe",16817724,,
2020,5430,"Southern Europe",40908429,,
2020,5440,"Western Europe",46652565,,
2020,5500,"Oceania",12431614,,
2020,5600,"Asia and Oceania",535954168,,
2020,5702,"Northern America and Europe",174882286,,
2020,5706,"Europe, Northern America, Australia and New Zealand",186795153,,
2020,5703,"Central and Southern Asia",31738998,,
2020,5704,"Eastern and South-Eastern Asia",439242804,,
2020,5705,"Western Asia and Northern Africa",68858031,,
2020,1400,"Developing economies",555354290,,
2020,1410,"Developing economies: Africa",33228035,,
2020,1420,"Developing economies: Americas",51469677,,
2020,1460,"Developing economies: Asia and Oceania",470656578,,
2020,1430,"Developing economies: Asia",470137831,,
2020,1450,"Developing economies: Oceania",518747,,
2020,1500,"Developed economies",240179876,,
2020,1520,"Developed economies: Americas",60720031,,
2020,1560,"Developed economies: Asia and Oceania",65297590,,
2020,1530,"Developed economies: Asia",53384723,,
2020,1550,"Developed economies: Oceania",11912867,,
2020,1540,"Developed economies: Europe",114162255,,
2020,1600,"Developing economies excluding China",309314290,,
2020,1601,"Developing economies excluding LDCs",544462629,,
2020,1610,"LDCs (Least developed countries)",10891661,,
2020,1612,"LDCs: Asia",4942002,,
2020,1614,"LDCs: Africa",5949659,,
2020,1640,"SIDS (Small island developing States) (UN-OHRLLS)",44629169,,
2020,1641,"SIDS: Atlantic and Indian Ocean",978227,,
2020,1642,"SIDS: Caribbean",6261295,,
2020,1643,"SIDS: Pacific",37389647,,
2020,2623,"Low-income developing economies",8541294,,
2020,2622,"Middle-income developing economies",98437212,,
2020,2621,"High-income developing economies",448214630,,
2020,2711,"BRICS",283064423,,
2020,3412,"European Union (2020 …)",97640369,,
2020,3916,"G20 (Group of Twenty)",549875677,,
2020,3919,"G-77 (Group of 77)",503578580,,
2020,3905,"OECD (Organisation for Economic Cooperation and Development)",258070651,,
2021,0001,"Individual economies",,,"Not applicable"
2021,008,"Albania",,,"Not publishable"
2021,012,"Algeria",,,"Not publishable"
2021,016,"American Samoa",,,"Not publishable"
2021,024,"Angola",,,"Not publishable"
2021,028,"Antigua and Barbuda",,,"Not publishable"
2021,032,"Argentina",1791816,,
2021,533,"Aruba",57062,,
2021,036,"Australia",8153919,,
2021,044,"Bahamas",1792780,,
2021,048,"Bahrain",404904,,
2021,050,"Bangladesh",3271732,,
2021,052,"Barbados",93899,,
2021,056,"Belgium",13075891,,
2021,084,"Belize",,,"Not publishable"
2021,076,"Brazil",11801530,,
2021,096,"Brunei Darussalam",,,"Not publishable"
2021,100,"Bulgaria",245160,,
2021,132,"Cabo Verde",79754,,
2021,116,"Cambodia",,,"Not publishable"
2021,120,"Cameroon",,,"Not publishable"
2021,124,"Canada",7169607,,
2021,136,"Cayman Islands",,,"Not publishable"
2021,152,"Chile",4582798,"Estimated",
2021,156,"China",262605700,,
2021,344,"China, Hong Kong SAR",17772000,,
2021,158,"China, Taiwan Province of",15453000,,
2021,170,"Colombia",4901510,,
2021,178,"Congo",1003734,,
2021,180,"Congo, Dem. Rep. of the",,,"Not publishable"
2021,188,"Costa Rica",1523198,,
2021,384,"Côte d'Ivoire",1015624,"Estimated",
2021,191,"Croatia",367646,,
2021,192,"Cuba",,,"Not publishable"
2021,531,"Curaçao",92640,,
2021,196,"Cyprus",319131,,
2021,208,"Denmark",1055262,,
2021,262,"Djibouti",692000,,
2021,214,"Dominican Republic",2184754,,
2021,218,"Ecuador",2593926,,
2021,818,"Egypt",7321888,,
2021,222,"El Salvador",294326,,
2021,233,"Estonia",227000,,
2021,246,"Finland",1409037,,
2021,251,"France",6384344,,
2021,250,"France, metropolitan",5522541,,
2021,254,"French Guiana",,,"Not publishable"
2021,312,"Guadeloupe",238680,,
2021,474,"Martinique",171127,,
2021,638,"Réunion",392222,,
2021,266,"Gabon",,,"Not publishable"
2021,268,"Georgia",,,"Not publishable"
2021,276,"Germany",14716437,,
2021,288,"Ghana",1604724,,
2021,300,"Greece",6069480,,
2021,308,"Grenada",22117,,
2021,316,"Guam",,,"Not publishable"
2021,320,"Guatemala",1735500,,
2021,324,"Guinea",,,"Not publishable"
2021,340,"Honduras",824876,,
2021,352,"Iceland",,,"Not publishable"
2021,356,"India",19937138,,
2021,360,"Indonesia",11804619,,
2021,364,"Iran (Islamic Republic of)",1550304,,
2021,372,"Ireland",1143007,,
2021,376,"Israel",3133000,,
2021,380,"Italy",11303247,,
2021,388,"Jamaica",1975401,,
2021,392,"Japan",22204259,"Estimated",
2021,400,"Jordan",765662,,
2021,404,"Kenya",1435565,,
2021,410,"Korea, Republic of",29786900,,
2021,428,"Latvia",434388,,
2021,422,"Lebanon",,,"Not publishable"
2021,440,"Lithuania",667000,,
2021,458,"Malaysia",28261849,,
2021,470,"Malta",2973159,,
2021,480,"Mauritius",,,"Not publishable"
2021,484,"Mexico",7852230,,
2021,504,"Morocco",8457129,,
2021,508,"Mozambique",440582,"Estimated",
2021,104,"Myanmar",1090000,,
2021,516,"Namibia",154207,,
2021,528,"Netherlands (Kingdom of the)",15781756,,
2021,530,"Netherlands Antilles",,,"Not applicable"
2021,540,"New Caledonia",,,"Not publishable"
2021,554,"New Zealand",3250748,,
2021,558,"Nicaragua",172544,,
2021,566,"Nigeria",1566109,,
2021,579,"Norway",881238,,
2021,512,"Oman",5226000,,
2021,586,"Pakistan",3548000,,
2021,591,"Panama",8623927,,
2021,598,"Papua New Guinea",,,"Not publishable"
2021,604,"Peru",2874109,,
2021,608,"Philippines",8491399,,
2021,616,"Poland",3187943,,
2021,620,"Portugal",3276794,,
2021,634,"Qatar",1543600,,
2021,642,"Romania",631964,,
2021,643,"Russian Federation",5260825,,
2021,662,"Saint Lucia",,,"Not publishable"
2021,670,"Saint Vincent and the Grenadines",,,"Not publishable"
2021,882,"Samoa",,,"Not publishable"
2021,682,"Saudi Arabia",9875946,,
2021,686,"Senegal",,,"Not publishable"
2021,694,"Sierra Leone",,,"Not publishable"
2021,702,"Singapore",37470000,,
2021,534,"Sint Maarten (Dutch part)",,,"Not publishable"
2021,705,"Slovenia",997000,,
2021,710,"South Africa",4415223,,
2021,724,"Spain",17712459,,
2021,144,"Sri Lanka",7250000,,
2021,729,"Sudan",,,"Not publishable"
2021,736,"Sudan (...2011)",,,"Not applicable"
2021,740,"Suriname",,,"Not publishable"
2021,752,"Sweden",1635394,,
2021,760,"Syrian Arab Republic",,,"Not publishable"
2021,834,"Tanzania, United Republic of",,,"Not publishable"
2021,764,"Thailand",10436689,,
2021,768,"Togo",1986131,,
2021,780,"Trinidad and Tobago",410395,,
2021,788,"Tunisia",469568,,
2021,792,"Türkiye",12591327,,
2021,804,"Ukraine",1022376,,
2021,784,"United Arab Emirates",19182000,,
2021,926,"United Kingdom",9844540,"Estimated",
2021,826,"United Kingdom excl. Channel Islands and Isle of Man",9844540,"Estimated",
2021,842,"United States of America",62044503,,
2021,630,"Puerto Rico",1490218,,
2021,840,"United States of America excluding Puerto Rico and United States Virgin Islands",60554285,,
2021,858,"Uruguay",977922,,
2021,862,"Venezuela (Bolivarian Rep. of)",,,"Not publishable"
2021,704,"Viet Nam",18359845,,
2021,887,"Yemen",418711,,
2021,0000,"World",851111853,,
2021,5100,"Africa",36097009,,
2021,5110,"Northern Africa",18241207,,
2021,5120,"Sub-Saharan Africa",17855802,,
2021,5121,"Eastern Africa",3716106,,
2021,5122,"Middle Africa",2292612,,
2021,5123,"Southern Africa",4569430,,
2021,5124,"Western Africa",7277654,,
2021,5200,"Americas",127315541,,
2021,5210,"Northern America",69214110,,
2021,5220,"Latin America and the Caribbean",58101431,,
2021,5221,"Caribbean",7177990,,
2021,5222,"Central America",21046860,,
2021,5223,"South America",29876581,,
2021,5300,"Asia",554710386,,
2021,5330,"Eastern Asia",347821859,,
2021,5350,"South-eastern Asia",116620682,,
2021,5320,"Southern Asia",35557174,,
2021,5340,"Western Asia",54710671,,
2021,5400,"Europe",121065503,,
2021,5410,"Eastern Europe",10348268,,
2021,5420,"Northern Europe",17594129,,
2021,5430,"Southern Europe",43164678,,
2021,5440,"Western Europe",49958428,,
2021,5500,"Oceania",11923414,,
2021,5600,"Asia and Oceania",566633800,,
2021,5702,"Northern America and Europe",190279613,,
2021,5706,"Europe, Northern America, Australia and New Zealand",201684280,,
2021,5703,"Central and Southern Asia",35557174,,
2021,5704,"Eastern and South-Eastern Asia",464442541,,
2021,5705,"Western Asia and Northern Africa",72951878,,
2021,1400,"Developing economies",594303414,,
2021,1410,"Developing economies: Africa",36097009,,
2021,1420,"Developing economies: Americas",58101431,,
2021,1460,"Developing economies: Asia and Oceania",500104974,,
2021,1430,"Developing economies: Asia",499586227,,
2021,1450,"Developing economies: Oceania",518747,,
2021,1500,"Developed economies",256808439,,
2021,1520,"Developed economies: Americas",69214110,,
2021,1560,"Developed economies: Asia and Oceania",66528826,,
2021,1530,"Developed economies: Asia",55124159,,
2021,1550,"Developed economies: Oceania",11404667,,
2021,1540,"Developed economies: Europe",121065503,,
2021,1600,"Developing economies excluding China",331697714,,
2021,1601,"Developing economies excluding LDCs",582857221,,
2021,1610,"LDCs (Least developed countries)",11446193,,
2021,1612,"LDCs: Asia",5380550,,
2021,1614,"LDCs: Africa",6065643,,
2021,1640,"SIDS (Small island developing States) (UN-OHRLLS)",46283173,,
2021,1641,"SIDS: Atlantic and Indian Ocean",922736,,
2021,1642,"SIDS: Caribbean",7371690,,
2021,1643,"SIDS: Pacific",37988747,,
2021,2623,"Low-income developing economies",9276803,,
2021,2622,"Middle-income developing economies",107984144,,
2021,2621,"High-income developing economies",476881313,,
2021,2711,"BRICS",304020416,,
2021,3412,"European Union (2020 …)",103613499,,
2021,3916,"G20 (Group of Twenty)",590753581,,
2021,3919,"G-77 (Group of 77)",539516999,,
2021,3905,"OECD (Organisation for Economic Cooperation and Development)",277293479,,
